-- phpMyAdmin SQL Dump
-- version 4.7.4
-- https://www.phpmyadmin.net/
--
-- Host: 127.0.0.1
-- Generation Time: Jan 24, 2020 at 04:10 AM
-- Server version: 10.1.28-MariaDB
-- PHP Version: 7.1.10

SET SQL_MODE = "NO_AUTO_VALUE_ON_ZERO";
SET AUTOCOMMIT = 0;
START TRANSACTION;
SET time_zone = "+00:00";


/*!40101 SET @OLD_CHARACTER_SET_CLIENT=@@CHARACTER_SET_CLIENT */;
/*!40101 SET @OLD_CHARACTER_SET_RESULTS=@@CHARACTER_SET_RESULTS */;
/*!40101 SET @OLD_COLLATION_CONNECTION=@@COLLATION_CONNECTION */;
/*!40101 SET NAMES utf8mb4 */;

--
-- Database: `bakery`
--

-- --------------------------------------------------------

--
-- Table structure for table `actual_cash`
--

CREATE TABLE `actual_cash` (
  `id` int(10) NOT NULL,
  `branch_id` int(10) NOT NULL,
  `amount` decimal(10,2) NOT NULL,
  `date` date NOT NULL
) ENGINE=InnoDB DEFAULT CHARSET=utf8 COLLATE=utf8_unicode_ci;

--
-- Dumping data for table `actual_cash`
--

INSERT INTO `actual_cash` (`id`, `branch_id`, `amount`, `date`) VALUES
(1, 8, '1000.00', '2020-01-16'),
(2, 12, '19949.00', '2020-01-19'),
(3, 12, '15914.00', '2020-01-20'),
(4, 8, '100.00', '2020-01-21'),
(6, 9, '29030.00', '2020-01-21'),
(8, 12, '10407.00', '2020-01-21'),
(9, 9, '33908.00', '2020-01-20'),
(10, 9, '25294.00', '2020-01-22'),
(11, 12, '14156.00', '2020-01-22');

-- --------------------------------------------------------

--
-- Table structure for table `bakers_account`
--

CREATE TABLE `bakers_account` (
  `id` int(10) NOT NULL,
  `branch_id` varchar(100) NOT NULL,
  `lastname` text NOT NULL,
  `firstname` text NOT NULL,
  `middlename` text NOT NULL,
  `fullname` text NOT NULL,
  `username` text NOT NULL,
  `password` text NOT NULL,
  `created_at` timestamp NOT NULL DEFAULT CURRENT_TIMESTAMP ON UPDATE CURRENT_TIMESTAMP
) ENGINE=InnoDB DEFAULT CHARSET=latin1;

--
-- Dumping data for table `bakers_account`
--

INSERT INTO `bakers_account` (`id`, `branch_id`, `lastname`, `firstname`, `middlename`, `fullname`, `username`, `password`, `created_at`) VALUES
(4, '8', 'Talledo', 'Ma. Chuche', 'Mahusay', 'Ma. Chuche Talledo', 'Siatoncheche', 'siaton2020', '2020-01-10 01:47:36'),
(6, '9', 'Berongan', 'Ina', 'C', 'Ina C Berongan', 'Lacastellana branch', 'arangka2020', '2020-01-18 05:15:52'),
(7, '11', 'Gantalao', 'Jelly', 'C', ' Jelly  C  Gantalao', 'Santajelly', 'santa2020', '2020-01-09 04:59:02'),
(9, '13', 'Ybanez', 'Madilyn', 'O', ' Madilyn  O  Ybanez', 'Mainmadilyn', 'main2020', '2020-01-09 05:04:56'),
(10, '12', 'Barot', 'Elsie', 'O', ' Elsie  O  Barot', 'Basayelsie', 'basay2020', '2020-01-09 05:06:27');

-- --------------------------------------------------------

--
-- Table structure for table `branch`
--

CREATE TABLE `branch` (
  `id` int(10) NOT NULL,
  `branch_name` text NOT NULL,
  `address` text NOT NULL,
  `created_at` timestamp NOT NULL DEFAULT CURRENT_TIMESTAMP
) ENGINE=InnoDB DEFAULT CHARSET=latin1;

--
-- Dumping data for table `branch`
--

INSERT INTO `branch` (`id`, `branch_name`, `address`, `created_at`) VALUES
(8, 'Chrissia\'s Siaton', 'Siaton', '2019-12-09 08:26:32'),
(9, 'Chrissia\'s La Castellana', 'Negros Occidental', '2019-12-22 00:39:57'),
(11, 'Chrissias Sta.Catalina', 'Santa catalina', '2020-01-09 03:39:54'),
(12, 'Chrissia\'s Basay', 'Basay neg or', '2020-01-09 04:44:41'),
(13, 'Chrissia\'s Main', 'Bayawan City', '2020-01-09 04:55:52');

-- --------------------------------------------------------

--
-- Table structure for table `cash_advance`
--

CREATE TABLE `cash_advance` (
  `id` int(10) NOT NULL,
  `branch_id` varchar(255) NOT NULL,
  `name` text NOT NULL,
  `amount` decimal(10,2) NOT NULL,
  `created_at` date NOT NULL
) ENGINE=InnoDB DEFAULT CHARSET=latin1;

--
-- Dumping data for table `cash_advance`
--

INSERT INTO `cash_advance` (`id`, `branch_id`, `name`, `amount`, `created_at`) VALUES
(1, '8', 'Lynford Lagondis', '51.00', '2019-12-19'),
(4, '8', 'MyBakers', '100.00', '2019-12-22'),
(7, '8', 'Lynford Lagondi', '666.00', '2019-12-28'),
(8, '8', 'Fordy', '1000.00', '2020-01-09'),
(9, '8', 'Fordy', '200.00', '2020-01-09'),
(10, '8', 'TestName', '100.00', '2020-01-10'),
(12, '12', 'Elsie', '58.00', '2020-01-13'),
(13, '12', 'Joy', '127.00', '2020-01-13'),
(14, '12', 'Amelita', '50.00', '2020-01-13'),
(15, '12', 'Dodong', '250.00', '2020-01-13'),
(16, '12', 'Ashier', '335.00', '2020-01-13'),
(17, '12', 'Lucio', '35.00', '2020-01-13'),
(18, '12', 'Lucio', '20.00', '2020-01-14'),
(19, '12', 'Ashier', '20.00', '2020-01-14'),
(20, '12', 'Dodong', '160.00', '2020-01-14'),
(21, '12', 'Cristina', '13.00', '2020-01-14'),
(22, '8', 'CheSample', '200.00', '2020-01-16'),
(23, '12', 'Lucio', '100.00', '2020-01-19'),
(24, '12', 'Ashier', '90.00', '2020-01-19'),
(25, '12', 'Dodong', '905.00', '2020-01-19'),
(26, '12', 'Amelita', '170.00', '2020-01-19'),
(27, '12', 'Maam', '300.00', '2020-01-19'),
(28, '12', 'Dodong', '298.00', '2020-01-20'),
(29, '12', 'Lucio', '40.00', '2020-01-20'),
(30, '12', 'Ashier', '295.00', '2020-01-20'),
(31, '9', 'Jezreel', '80.00', '2020-01-21'),
(32, '9', 'Cristina', '50.00', '2020-01-21'),
(33, '9', 'Elsie', '50.00', '2020-01-21'),
(34, '9', 'Cesar', '50.00', '2020-01-21'),
(35, '9', 'Jefrey', '150.00', '2020-01-21'),
(36, '9', 'Jola', '57.00', '2020-01-21'),
(37, '9', 'Kring2x', '24.00', '2020-01-21'),
(38, '9', 'Florence', '24.00', '2020-01-21'),
(39, '9', 'Happy', '20.00', '2020-01-21'),
(40, '9', 'Jerry', '15.00', '2020-01-21'),
(41, '12', 'Dodong', '170.00', '2020-01-21'),
(42, '12', 'Lucio', '50.00', '2020-01-21'),
(43, '12', 'Ashier', '63.00', '2020-01-21'),
(44, '12', 'Nicel', '13.00', '2020-01-21'),
(45, '12', 'Maam', '200.00', '2020-01-21'),
(46, '9', 'Expenses', '4749.00', '2020-01-20'),
(47, '9', 'Credit', '682.00', '2020-01-20'),
(48, '9', 'Cesar', '19.00', '2020-01-22'),
(49, '9', 'Kiara', '54.00', '2020-01-22'),
(50, '9', 'Jola', '40.00', '2020-01-22'),
(51, '9', 'Jay r', '49.00', '2020-01-22'),
(52, '9', 'Happy', '200.00', '2020-01-22'),
(53, '9', 'Florence', '205.00', '2020-01-22'),
(54, '9', 'Jerry', '62.00', '2020-01-22'),
(55, '12', 'Dodong', '249.00', '2020-01-22'),
(56, '12', 'Ashier', '49.00', '2020-01-22'),
(57, '12', 'Lucio', '50.00', '2020-01-22'),
(58, '12', 'Amelita', '50.00', '2020-01-22'),
(59, '12', 'Ging', '13.00', '2020-01-22');

-- --------------------------------------------------------

--
-- Table structure for table `category`
--

CREATE TABLE `category` (
  `id` int(10) NOT NULL,
  `category_name` text COLLATE utf8_unicode_ci NOT NULL,
  `price` decimal(10,2) NOT NULL
) ENGINE=InnoDB DEFAULT CHARSET=utf8 COLLATE=utf8_unicode_ci;

--
-- Dumping data for table `category`
--

INSERT INTO `category` (`id`, `category_name`, `price`) VALUES
(116, 'Siopao', '25.00'),
(117, 'Siopao', '17.00'),
(118, 'Creamloaf', '35.00'),
(119, 'Creamloaf', '20.00'),
(120, 'Hawaiian bread', '5.00'),
(121, 'Ubeloaf', '35.00'),
(122, 'Ubeloaf', '20.00'),
(123, 'Monggo loaf', '35.00'),
(124, 'Monggo loaf', '20.00'),
(125, 'Birds nest', '5.00'),
(126, 'Hongkong loaf', '35.00'),
(127, 'Hongkong loaf', '20.00'),
(128, 'Pandecoco', '5.00'),
(129, 'Sweet lemon', '5.00'),
(130, 'Buko pie', '5.00'),
(131, 'Pineapple pie', '5.00'),
(132, 'Manila cake', '5.00'),
(133, 'Banana cake', '5.00'),
(134, 'Up and down', '5.00'),
(135, 'Binangkal', '5.00'),
(136, 'Macarons', '2.00'),
(137, 'Hopia', '5.00'),
(138, 'Torta', '5.00'),
(139, 'Donut', '5.00'),
(140, 'Double body', '5.00'),
(141, 'Ube bread', '5.00'),
(142, 'Tyre bread', '5.00'),
(143, 'Empanada', '5.00'),
(144, 'Creamy empanada', '5.00'),
(145, 'Ensaymonggo', '5.00'),
(146, 'Cheese hotdog', '5.00'),
(147, 'Cheese milk', '5.00'),
(148, 'Cheese milk', '5.00'),
(149, 'Spanish bread', '5.00'),
(150, 'Ube cheese pandesal', '5.00'),
(151, 'Star bread', '5.00'),
(152, 'Monay', '5.00'),
(153, 'Mais-mais', '5.00'),
(154, 'Pandeciosa', '5.00'),
(155, 'Pandesal', '2.00'),
(156, 'Pandesal', '1.00'),
(157, 'French bread', '5.00'),
(158, 'Loaf bread', '40.00'),
(159, 'Sliced monay', '35.00'),
(160, 'Burger buns', '5.00'),
(161, 'Hotdog buns', '5.00'),
(162, 'Brazo de mercedez', '180.00'),
(163, 'Chiffon cake sliced', '15.00'),
(164, 'Chiffon cake whole', '150.00'),
(165, 'Custard cake', '220.00'),
(166, 'Ube yoyo', '5.00'),
(167, 'Choco cupcake', '2.00'),
(168, 'Marble cupcake', '2.00'),
(169, 'Spanish bread', '2.00'),
(170, 'Choco german', '5.00'),
(171, 'Choco german', '2.00'),
(172, 'Cheese milk', '2.00'),
(173, 'Chechay', '2.00'),
(174, 'Monggo basket', '5.00'),
(175, 'Star bread', '2.00'),
(176, 'Halo-halo', '5.00'),
(177, 'Choco mamon', '1.00'),
(178, 'Mamon', '1.00'),
(179, 'Piaya', '5.00'),
(180, 'Piaya', '6.00'),
(181, 'Egg bread', '8.00'),
(182, 'Sliced bread', '40.00'),
(183, 'Sliced Bread', '24.00'),
(184, 'Football', '5.00'),
(185, 'Mushroom', '5.00'),
(186, 'Kamote', '5.00'),
(187, 'Ensaymonggo', '2.00'),
(188, 'Choco roll', '5.00'),
(189, 'Choco pie', '5.00'),
(190, 'Elorde', '5.00'),
(191, 'Pandecoco', '2.00'),
(192, 'Coco bread', '5.00'),
(193, 'Choco tomato', '2.00'),
(194, 'Tinalay', '2.00'),
(195, 'Tinalay', '5.00'),
(196, 'Onion bread', '2.00'),
(198, '12 oz. M. Dew', '15.00'),
(199, 'Swakto', '13.00'),
(200, 'Mismo', '19.00'),
(201, 'Nestea  500 ml', '32.00'),
(202, 'Nestea 350ml', '26.00'),
(203, 'Chuckie', '17.00'),
(204, 'Dutchmill', '24.00'),
(205, 'C2 solo', '15.00'),
(206, 'C2 500ml', '26.00'),
(207, 'C2 355ml', '15.00'),
(208, 'Mineral water 500ml', '18.00'),
(209, 'Mineral water 500ml', '18.00'),
(210, 'Mineral water 350ml', '13.00'),
(211, 'Delmonte pineapple orange in can', '30.00'),
(212, 'Cobra', '30.00'),
(213, 'Gatorade 350ml', '38.00'),
(214, 'Gatorade 500ml', '47.00'),
(215, 'Delmonte pineapple in can', '35.00'),
(216, '1.5 liters', '65.00'),
(217, 'Vitamilk', '30.00'),
(218, 'Chuckie 110ml', '17.00'),
(219, 'Fit in right 330ml', '32.00'),
(220, 'Minute maid', '15.00'),
(221, 'Barquillos small', '27.00'),
(222, 'Barquillos big', '40.00'),
(223, 'Egg cracker', '30.00'),
(224, 'Barquiron', '30.00'),
(225, 'Garlic stick', '15.00'),
(226, 'Polvoron', '38.00'),
(227, 'Chicharon', '30.00'),
(228, 'Special piaya', '45.00'),
(229, 'Otap', '30.00'),
(230, 'Cup noodles jjampong', '35.00'),
(231, 'Cup noodles small', '30.00'),
(232, 'Long cookies', '15.00'),
(233, 'Star cookies', '15.00'),
(234, 'Cookies lunga', '15.00'),
(235, 'Pastillas', '20.00'),
(236, 'Sambag', '22.00'),
(237, 'Cheese bread', '5.00'),
(238, 'Football', '2.00'),
(239, 'Mushroom', '2.00'),
(240, 'Kamote', '2.00'),
(241, 'Pandeleche', '5.00'),
(242, 'Peanut bread', '2.00'),
(243, 'Sliced monay', '30.00'),
(244, 'Combo bread', '5.00'),
(245, 'Monggo bread', '5.00'),
(246, 'Bitchokoy', '7.00'),
(247, 'Bandi', '20.00'),
(248, 'Dutchmill Small', '15.00'),
(249, 'Pineapple juice in can', '35.00'),
(250, 'Thunder', '20.00'),
(251, 'Chocolate crinkles', '5.00'),
(252, 'Alaska choco', '15.00'),
(253, 'Natures spring flavored', '26.00'),
(254, 'Yakult', '12.00'),
(255, 'Yakult', '12.00'),
(256, 'Polvoron', '5.00'),
(257, 'Chuckie big', '25.00');

-- --------------------------------------------------------

--
-- Table structure for table `expenses`
--

CREATE TABLE `expenses` (
  `id` int(10) NOT NULL,
  `branch_id` varchar(255) NOT NULL,
  `name` text NOT NULL,
  `amount` decimal(10,2) NOT NULL,
  `created_at` date NOT NULL
) ENGINE=InnoDB DEFAULT CHARSET=latin1;

--
-- Dumping data for table `expenses`
--

INSERT INTO `expenses` (`id`, `branch_id`, `name`, `amount`, `created_at`) VALUES
(4, '8', 'Lynford Lagondi', '100.00', '2019-12-22'),
(13, '8', 'Fordy', '500.00', '2020-01-09'),
(14, '8', 'TestName', '100.00', '2020-01-10'),
(16, '12', '2 case m. Dew', '500.00', '2020-01-13'),
(17, '12', '5 cases swakto', '510.00', '2020-01-13'),
(18, '12', '3 boxes cheese', '153.00', '2020-01-13'),
(19, '12', '2 cans alaska evap', '53.00', '2020-01-13'),
(20, '12', '1 can condensed milk', '30.00', '2020-01-13'),
(21, '12', '5 tiny', '125.00', '2020-01-13'),
(22, '12', '7 pcs egg', '63.00', '2020-01-13'),
(23, '12', '2 medium plastic', '100.00', '2020-01-13'),
(24, '12', '2 packs drinking straw', '30.00', '2020-01-13'),
(25, '12', '3 cases swakto', '315.00', '2020-01-13'),
(26, '12', 'Xerox copy', '100.00', '2020-01-13'),
(27, '12', 'Ice', '20.00', '2020-01-13'),
(28, '12', 'Maam bread', '20.00', '2020-01-13'),
(29, '8', 'CheSampleExp', '210.00', '2020-01-16'),
(30, '12', '3 cases swakto', '315.00', '2020-01-19'),
(31, '12', '3 cases m.dew', '756.00', '2020-01-19'),
(32, '12', '2 packs drinking straw', '30.00', '2020-01-19'),
(33, '12', '2 cases m.dew', '500.00', '2020-01-19'),
(34, '12', '3 cases swakto', '306.00', '2020-01-19'),
(35, '12', '1 dozen stick', '24.00', '2020-01-19'),
(36, '12', '2 boxes cheese', '102.00', '2020-01-19'),
(37, '12', '2 packs tiny', '50.00', '2020-01-19'),
(38, '12', '1 pack medium', '50.00', '2020-01-19'),
(39, '12', '2 cans alaska evap', '53.00', '2020-01-19'),
(40, '12', '2 cans condensed milk', '61.00', '2020-01-19'),
(41, '12', '2 packs tiny', '54.00', '2020-01-19'),
(42, '12', 'Bombay', '55.00', '2020-01-19'),
(43, '12', 'Ice', '40.00', '2020-01-19'),
(44, '12', 'Plete sarah', '30.00', '2020-01-19'),
(45, '12', 'Maam bread', '30.00', '2020-01-19'),
(46, '12', '2 cases m.dew', '500.00', '2020-01-20'),
(47, '12', '4 cases Swakto', '408.00', '2020-01-20'),
(48, '12', '2 cans alaska evap', '53.00', '2020-01-20'),
(49, '12', '2 cans condensed milk', '61.00', '2020-01-20'),
(50, '12', '2 boxes cheese', '102.00', '2020-01-20'),
(51, '12', '2 kilos asin', '20.00', '2020-01-20'),
(52, '12', 'Ice', '20.00', '2020-01-20'),
(53, '12', '1 gallon tubig', '25.00', '2020-01-20'),
(54, '12', '2 pcs antiox', '205.00', '2020-01-20'),
(55, '12', '4 packs tiny', '120.00', '2020-01-20'),
(56, '12', '2 packs medium', '100.00', '2020-01-20'),
(57, '12', '7 pcs egg', '63.00', '2020-01-20'),
(58, '12', '2 packs tiny', '54.00', '2020-01-20'),
(59, '12', 'Maam bread', '30.00', '2020-01-20'),
(60, '9', '2kls.desicated', '300.00', '2020-01-21'),
(62, '9', 'Jeffrey alawonce', '40.00', '2020-01-21'),
(63, '9', 'Cesar alawonce', '40.00', '2020-01-21'),
(64, '9', 'Jay. R alawonce', '40.00', '2020-01-21'),
(65, '9', 'Jezreel alawonce', '40.00', '2020-01-21'),
(66, '9', 'Cristina', '40.00', '2020-01-21'),
(67, '9', 'Elsie', '40.00', '2020-01-21'),
(68, '9', 'Plete motor', '150.00', '2020-01-21'),
(69, '9', 'Saging plete', '140.00', '2020-01-21'),
(70, '9', 'Plete motor', '70.00', '2020-01-21'),
(71, '9', '4tray egg', '874.00', '2020-01-21'),
(72, '9', '6packs.mani', '111.00', '2020-01-21'),
(73, '9', 'Old news', '30.00', '2020-01-21'),
(74, '9', 'Baking cup #3', '145.00', '2020-01-21'),
(75, '9', 'Baking cup #3', '150.00', '2020-01-21'),
(76, '9', 'Tubing refill', '55.00', '2020-01-21'),
(77, '9', 'Refill tubig', '35.00', '2020-01-21'),
(78, '9', 'Gasul gamay', '890.00', '2020-01-21'),
(82, '9', 'Jerry', '40.00', '2020-01-21'),
(83, '12', 'Expenses', '2203.00', '2020-01-21'),
(84, '9', 'Assorted expenses', '6550.00', '2020-01-22'),
(85, '12', 'Expenses', '1660.00', '2020-01-22');

-- --------------------------------------------------------

--
-- Table structure for table `products`
--

CREATE TABLE `products` (
  `id` int(10) NOT NULL,
  `branch_id` int(10) NOT NULL,
  `product_name` text NOT NULL,
  `beginning` int(100) NOT NULL,
  `from_branch` int(11) NOT NULL,
  `num_of_kilos` int(100) NOT NULL,
  `quantity` int(100) NOT NULL,
  `total` int(11) NOT NULL,
  `unsold_goods` int(100) NOT NULL,
  `price` decimal(10,2) NOT NULL,
  `pullout` int(100) NOT NULL,
  `sales` decimal(10,2) NOT NULL,
  `date` date NOT NULL
) ENGINE=InnoDB DEFAULT CHARSET=latin1;

--
-- Dumping data for table `products`
--

INSERT INTO `products` (`id`, `branch_id`, `product_name`, `beginning`, `from_branch`, `num_of_kilos`, `quantity`, `total`, `unsold_goods`, `price`, `pullout`, `sales`, `date`) VALUES
(78, 8, 'Coco bread', 10, 6, 0, 0, 16, 5, '5.00', 5, '30.00', '2020-01-10'),
(79, 8, 'Choco pie', 67, 7, 0, 0, 74, 5, '10.00', 5, '640.00', '2020-01-10'),
(80, 12, 'Siopao', 0, 50, 0, 0, 50, 0, '17.00', 0, '850.00', '2020-01-13'),
(82, 12, 'Cheese bread', 111, 0, 1, 45, 156, 46, '5.00', 0, '550.00', '2020-01-13'),
(83, 12, 'Choco german(5)', 92, 0, 2, 90, 182, 66, '5.00', 0, '580.00', '2020-01-13'),
(84, 12, 'Choco german(2)', 63, 0, 2, 240, 303, 35, '2.00', 0, '536.00', '2020-01-13'),
(85, 12, 'Spanish bread(5)', 71, 0, 2, 90, 161, 69, '5.00', 0, '460.00', '2020-01-13'),
(86, 12, 'Spanish bread(2)', 140, 0, 2, 226, 366, 144, '2.00', 0, '444.00', '2020-01-13'),
(87, 12, 'Pandecoco(5)', 0, 0, 3, 135, 135, 18, '5.00', 0, '585.00', '2020-01-13'),
(88, 12, 'Pandecoco(2)', 0, 0, 3, 356, 356, 2, '2.00', 0, '708.00', '2020-01-13'),
(89, 12, 'Ensaymonggo(5)', 0, 0, 3, 120, 120, 0, '5.00', 0, '600.00', '2020-01-13'),
(90, 12, 'Ensaymonggo(2)', 0, 0, 2, 240, 240, 0, '2.00', 0, '480.00', '2020-01-13'),
(91, 12, 'Football', 3, 0, 2, 120, 123, 0, '2.00', 0, '246.00', '2020-01-13'),
(92, 12, 'Kamote', 129, 0, 2, 120, 249, 13, '2.00', 0, '472.00', '2020-01-13'),
(93, 12, 'Mushroom', 2, 0, 2, 120, 122, 66, '2.00', 0, '112.00', '2020-01-13'),
(94, 12, 'Pandeleche', 15, 0, 2, 60, 75, 2, '5.00', 0, '365.00', '2020-01-13'),
(95, 12, 'Sliced bread(40)', 17, 0, 0, 0, 17, 2, '40.00', 0, '600.00', '2020-01-13'),
(96, 12, 'Sliced bread(24)', 10, 0, 0, 0, 10, 0, '24.00', 0, '240.00', '2020-01-13'),
(97, 12, 'Sliced monay', 9, 20, 0, 0, 29, 10, '30.00', 0, '570.00', '2020-01-13'),
(98, 12, 'Banana cake', 15, 150, 0, 0, 165, 21, '5.00', 1, '715.00', '2020-01-13'),
(99, 12, 'Binangkal', 0, 0, 0, 0, 0, 0, '5.00', 0, '0.00', '2020-01-13'),
(100, 12, 'Choco mamon', 36, 158, 0, 0, 194, 17, '1.00', 0, '177.00', '2020-01-13'),
(101, 12, 'Choco cupcake', 82, 177, 0, 0, 259, 22, '2.00', 0, '474.00', '2020-01-13'),
(102, 12, 'Chocolate crinkles', 0, 0, 0, 0, 0, 0, '5.00', 0, '0.00', '2020-01-13'),
(103, 12, 'Donut', 0, 0, 3, 136, 136, 0, '5.00', 0, '680.00', '2020-01-13'),
(104, 12, 'Double body', 5, 80, 0, 0, 85, 37, '5.00', 0, '240.00', '2020-01-13'),
(105, 12, 'Hopia', 0, 0, 0, 0, 0, 0, '5.00', 0, '0.00', '2020-01-13'),
(106, 12, 'Macarons', 13, 0, 0, 0, 13, 0, '2.00', 0, '26.00', '2020-01-13'),
(107, 12, 'Mamon', 0, 270, 0, 0, 270, 7, '1.00', 0, '263.00', '2020-01-13'),
(108, 12, 'Manila cake', 5, 42, 0, 0, 47, 21, '5.00', 0, '130.00', '2020-01-13'),
(109, 12, 'Marble cupcake', 10, 180, 0, 0, 190, 14, '2.00', 0, '352.00', '2020-01-13'),
(110, 12, 'Pineapple pie', 0, 120, 0, 0, 120, 0, '5.00', 0, '600.00', '2020-01-13'),
(111, 12, 'Torta', 1, 160, 0, 0, 161, 14, '5.00', 1, '730.00', '2020-01-13'),
(112, 12, 'Combo bread', 45, 0, 1, 45, 90, 53, '5.00', 0, '185.00', '2020-01-13'),
(113, 12, 'Atis-atis', 0, 0, 0, 0, 0, 0, '5.00', 0, '0.00', '2020-01-13'),
(114, 12, 'Monggo bread', 63, 0, 1, 45, 108, 42, '5.00', 0, '330.00', '2020-01-13'),
(115, 12, 'Tinalay', 39, 0, 5, 100, 139, 5, '5.00', 0, '670.00', '2020-01-13'),
(116, 12, 'Pandesal', 72, 0, 6, 678, 750, 334, '1.00', 0, '416.00', '2020-01-13'),
(117, 12, 'Ube bread', 0, 0, 1, 45, 45, 50, '5.00', 0, '-25.00', '2020-01-13'),
(118, 12, 'Hawaiian bread', 0, 90, 0, 0, 90, 2, '5.00', 0, '440.00', '2020-01-13'),
(119, 12, 'Tyre bread', 20, 0, 1, 45, 65, 26, '5.00', 0, '195.00', '2020-01-13'),
(120, 12, 'Empanada', 63, 0, 1, 45, 108, 9, '5.00', 0, '495.00', '2020-01-13'),
(121, 12, 'Piaya', 0, 0, 0, 0, 0, 0, '5.00', 0, '0.00', '2020-01-13'),
(122, 12, 'Hongkong loaf', 5, 0, 1, 5, 10, 5, '20.00', 0, '100.00', '2020-01-13'),
(123, 12, 'Monggo loaf', 4, 0, 1, 4, 8, 4, '20.00', 0, '80.00', '2020-01-13'),
(124, 12, 'Ubeloaf', 4, 0, 1, 4, 8, 4, '20.00', 0, '80.00', '2020-01-13'),
(125, 12, 'Creamloaf', 4, 0, 1, 4, 8, 4, '20.00', 0, '80.00', '2020-01-13'),
(126, 12, 'Star bread(5)', 0, 0, 6, 84, 84, 0, '5.00', 0, '420.00', '2020-01-13'),
(127, 12, 'Star bread(2)', 0, 0, 3, 180, 180, 0, '2.00', 0, '360.00', '2020-01-13'),
(128, 12, 'Ube yoyo', 0, 100, 0, 0, 100, 4, '5.00', 0, '480.00', '2020-01-13'),
(129, 12, '8 oz.', 24, 96, 0, 0, 120, 50, '13.00', 0, '910.00', '2020-01-13'),
(130, 12, '12 oz.', 0, 48, 0, 0, 48, 6, '15.00', 0, '630.00', '2020-01-13'),
(131, 12, 'Peanut bread', 37, 0, 2, 240, 277, 221, '2.00', 0, '112.00', '2020-01-13'),
(132, 12, 'Siopao(17)', 0, 45, 0, 0, 45, 0, '17.00', 0, '765.00', '2020-01-14'),
(134, 12, 'Siopao(17)', 0, 45, 0, 0, 45, 0, '17.00', 0, '765.00', '2020-01-14'),
(135, 12, 'Cheese bread', 46, 0, 0, 45, 91, 3, '5.00', 0, '440.00', '2020-01-14'),
(136, 12, 'Choco german(5)', 66, 0, 1, 45, 111, 3, '5.00', 0, '540.00', '2020-01-14'),
(137, 12, 'Choco german(2)', 35, 0, 2, 240, 275, 240, '2.00', 0, '70.00', '2020-01-14'),
(138, 8, 'Atis-atis', 30, 20, 0, 0, 50, 5, '6.00', 5, '240.00', '2020-01-15'),
(139, 8, 'Cheese milk', 30, 20, 0, 0, 50, 5, '5.00', 5, '200.00', '2020-01-15'),
(140, 8, 'Bread Sample', 50, 20, 0, 0, 70, 10, '10.00', 10, '500.00', '2020-01-16'),
(141, 8, 'Putok', 20, 2, 0, 0, 22, 2, '5.00', 2, '90.00', '2020-01-16'),
(142, 8, 'Hard monay', 20, 20, 0, 0, 40, 3, '5.00', 3, '170.00', '2020-01-16'),
(143, 8, 'Elorde', 20, 20, 0, 0, 40, 2, '5.00', 3, '175.00', '2020-01-16'),
(144, 8, 'Hawaiian bread', 30, 20, 0, 0, 50, 3, '5.00', 3, '220.00', '2020-01-16'),
(145, 8, 'Cheese milk', 20, 20, 0, 0, 40, 10, '5.00', 5, '125.00', '2020-01-16'),
(146, 8, 'Siopao', 20, 20, 0, 0, 40, 2, '17.00', 2, '612.00', '2020-01-16'),
(147, 8, 'Atis-atis', 30, 30, 0, 0, 60, 5, '6.00', 5, '300.00', '2020-01-16'),
(148, 8, 'Bahog2x', 20, 20, 0, 0, 40, 5, '2.00', 5, '60.00', '2020-01-16'),
(187, 8, 'Chechay', 20, 40, 1, 40, 100, 5, '2.00', 10, '170.00', '2020-01-21'),
(188, 8, 'Chicharon', 34, 40, 1, 40, 114, 5, '30.00', 5, '3120.00', '2020-01-16'),
(189, 8, 'C2 solo', 45, 5, 1, 40, 90, 5, '15.00', 5, '1200.00', '2020-01-16'),
(190, 8, 'C2 solo', 45, 5, 1, 40, 90, 5, '15.00', 5, '1200.00', '2020-01-16'),
(191, 8, 'Brazo de mercedez', 10, 30, 1, 40, 80, 5, '180.00', 5, '12600.00', '2020-01-16'),
(192, 12, 'Siopao', 0, 50, 0, 0, 50, 0, '17.00', 1, '833.00', '2020-01-19'),
(193, 12, 'Cheese bread', 42, 0, 2, 90, 132, 103, '5.00', 0, '145.00', '2020-01-19'),
(194, 12, 'Choco german', 163, 0, 1, 45, 208, 109, '5.00', 33, '330.00', '2020-01-19'),
(195, 12, 'Choco german', 275, 0, 2, 240, 515, 280, '2.00', 0, '470.00', '2020-01-19'),
(196, 12, 'Spanish bread', 78, 0, 2, 90, 168, 111, '5.00', 1, '280.00', '2020-01-19'),
(197, 12, 'Spanish bread', 332, 0, 2, 240, 572, 242, '2.00', 0, '660.00', '2020-01-19'),
(198, 12, 'Pandecoco', 145, 0, 3, 135, 280, 93, '5.00', 1, '930.00', '2020-01-19'),
(199, 12, 'Pandecoco', 277, 0, 3, 360, 637, 61, '2.00', 0, '1152.00', '2020-01-19'),
(200, 12, 'Ensaymonggo', 121, 0, 3, 120, 241, 129, '5.00', 0, '560.00', '2020-01-19'),
(201, 12, 'Ensaymonggo', 360, 0, 3, 360, 720, 364, '2.00', 1, '710.00', '2020-01-19'),
(202, 12, 'Football', 212, 0, 2, 120, 332, 146, '2.00', 0, '372.00', '2020-01-19'),
(203, 12, 'Kamote', 173, 0, 2, 120, 293, 150, '2.00', 0, '286.00', '2020-01-19'),
(204, 12, 'Mushroom', 294, 0, 2, 120, 414, 300, '2.00', 12, '204.00', '2020-01-19'),
(205, 12, 'Pandeleche', 57, 0, 2, 60, 117, 34, '5.00', 0, '415.00', '2020-01-19'),
(206, 12, 'Peanut bread', 322, 0, 0, 0, 322, 41, '2.00', 0, '562.00', '2020-01-19'),
(207, 12, 'Sliced bread', 21, 25, 0, 0, 46, 9, '40.00', 0, '1480.00', '2020-01-19'),
(208, 12, 'Sliced monay', 19, 15, 0, 0, 34, 13, '30.00', 0, '630.00', '2020-01-19'),
(209, 12, 'Banana cake', 3, 150, 0, 0, 153, 14, '5.00', 0, '695.00', '2020-01-19'),
(210, 12, 'Binangkal', 125, 0, 0, 0, 125, 45, '5.00', 0, '400.00', '2020-01-19'),
(211, 12, 'Choco mamon', 279, 150, 0, 0, 429, 88, '1.00', 0, '341.00', '2020-01-19'),
(212, 12, 'Choco cupcake', 104, 200, 0, 0, 304, 49, '2.00', 2, '506.00', '2020-01-19'),
(213, 12, 'Donut', 42, 0, 3, 135, 177, 37, '5.00', 0, '700.00', '2020-01-19'),
(214, 12, 'Double body', 65, 80, 0, 0, 145, 46, '5.00', 2, '485.00', '2020-01-19'),
(215, 12, 'Hopia', 36, 0, 3, 150, 186, 153, '5.00', 0, '165.00', '2020-01-19'),
(216, 12, 'Macarons', 119, 200, 0, 0, 319, 122, '2.00', 0, '394.00', '2020-01-19'),
(217, 12, 'Mamon', 121, 154, 0, 0, 275, 154, '1.00', 0, '121.00', '2020-01-19'),
(218, 12, 'Manila cake', 66, 154, 0, 0, 220, 154, '5.00', 0, '330.00', '2020-01-19'),
(219, 12, 'Manila cake', 66, 70, 0, 0, 136, 62, '5.00', 0, '370.00', '2020-01-19'),
(220, 12, 'Marble cupcake', 115, 198, 0, 0, 313, 0, '2.00', 0, '626.00', '2020-01-19'),
(221, 12, 'Pineapple pie', 20, 120, 0, 0, 140, 2, '5.00', 10, '640.00', '2020-01-19'),
(222, 12, 'Torta', 91, 100, 0, 0, 191, 10, '5.00', 0, '905.00', '2020-01-19'),
(223, 12, 'Combo bread', 105, 0, 0, 0, 105, 6, '5.00', 4, '475.00', '2020-01-19'),
(224, 12, 'Monggo basket', 45, 0, 1, 45, 90, 68, '5.00', 0, '110.00', '2020-01-19'),
(225, 12, 'Monggo bread', 34, 0, 1, 45, 79, 62, '5.00', 4, '65.00', '2020-01-19'),
(226, 12, 'Tinalay', 58, 0, 5, 100, 158, 65, '5.00', 0, '465.00', '2020-01-19'),
(227, 12, 'Pandesal', 421, 0, 5, 494, 915, 355, '1.00', 0, '560.00', '2020-01-19'),
(228, 12, 'Ube bread', 30, 0, 1, 45, 75, 46, '5.00', 0, '145.00', '2020-01-19'),
(229, 12, 'Hawaiian bread', 23, 0, 0, 0, 23, 0, '5.00', 0, '115.00', '2020-01-19'),
(230, 12, 'Tyre bread', 66, 0, 1, 45, 111, 51, '5.00', 0, '300.00', '2020-01-19'),
(231, 12, 'Empanada', 25, 0, 1, 45, 70, 45, '5.00', 0, '125.00', '2020-01-19'),
(232, 12, 'Hongkong loaf', 5, 0, 0, 5, 10, 5, '20.00', 0, '100.00', '2020-01-19'),
(233, 12, 'Monggo loaf', 5, 0, 0, 0, 5, 4, '20.00', 0, '20.00', '2020-01-19'),
(234, 12, 'Ubeloaf', 5, 0, 0, 0, 5, 5, '20.00', 0, '0.00', '2020-01-19'),
(235, 12, 'Halo-halo', 0, 0, 0, 120, 120, 0, '5.00', 0, '600.00', '2020-01-19'),
(236, 12, 'Creamloaf', 7, 0, 0, 4, 11, 4, '20.00', 0, '140.00', '2020-01-19'),
(237, 12, 'Star bread', 42, 0, 3, 90, 132, 7, '5.00', 0, '625.00', '2020-01-19'),
(238, 12, 'Star bread', 73, 0, 3, 189, 262, 262, '2.00', 81, '-162.00', '2020-01-19'),
(239, 12, 'Ube yoyo', 44, 100, 0, 0, 144, 39, '5.00', 1, '520.00', '2020-01-19'),
(240, 12, 'Swakto', 24, 72, 0, 0, 96, 14, '13.00', 0, '1066.00', '2020-01-19'),
(241, 12, '12 oz. M. Dew', 14, 120, 0, 0, 134, 17, '15.00', 0, '1755.00', '2020-01-19'),
(242, 12, 'Siopao', 0, 45, 0, 0, 45, 0, '17.00', 0, '765.00', '2020-01-20'),
(243, 12, 'Cheese bread', 103, 0, 0, 0, 103, 66, '5.00', 4, '165.00', '2020-01-20'),
(244, 12, 'Choco german', 109, 0, 0, 0, 109, 56, '5.00', 10, '215.00', '2020-01-20'),
(245, 12, 'Choco german', 280, 0, 1, 120, 400, 204, '2.00', 0, '392.00', '2020-01-20'),
(246, 12, 'Spanish bread', 111, 0, 1, 45, 156, 76, '5.00', 0, '400.00', '2020-01-20'),
(247, 12, 'Spanish bread', 242, 0, 1, 120, 362, 194, '2.00', 0, '336.00', '2020-01-20'),
(248, 12, 'Pandecoco', 93, 0, 2, 90, 183, 56, '5.00', 0, '635.00', '2020-01-20'),
(249, 12, 'Pandecoco', 61, 0, 3, 360, 421, 176, '2.00', 0, '490.00', '2020-01-20'),
(250, 12, 'Ensaymonggo', 129, 0, 1, 40, 169, 44, '5.00', 2, '615.00', '2020-01-20'),
(251, 12, 'Football', 146, 0, 2, 120, 266, 116, '2.00', 0, '300.00', '2020-01-20'),
(252, 12, 'Kamote', 150, 0, 2, 120, 270, 186, '2.00', 0, '168.00', '2020-01-20'),
(253, 12, 'Mushroom', 300, 0, 0, 0, 300, 228, '2.00', 59, '26.00', '2020-01-20'),
(254, 12, 'Pandeleche', 34, 0, 2, 60, 94, 10, '5.00', 2, '410.00', '2020-01-20'),
(255, 12, 'Peanut bread', 41, 0, 1, 120, 161, 122, '2.00', 0, '78.00', '2020-01-20'),
(256, 12, 'Sliced bread', 9, 25, 0, 0, 34, 10, '40.00', 0, '960.00', '2020-01-20'),
(257, 12, 'Sliced Bread', 0, 25, 0, 0, 25, 6, '24.00', 0, '456.00', '2020-01-20'),
(258, 12, 'Sliced monay', 13, 15, 0, 0, 28, 15, '30.00', 0, '390.00', '2020-01-20'),
(259, 12, 'Banana cake', 14, 150, 0, 0, 164, 21, '5.00', 0, '715.00', '2020-01-20'),
(260, 12, 'Binangkal', 45, 0, 2, 80, 125, 66, '5.00', 0, '295.00', '2020-01-20'),
(261, 12, 'Choco mamon', 88, 200, 0, 0, 288, 113, '1.00', 0, '175.00', '2020-01-20'),
(262, 12, 'Choco cupcake', 49, 214, 0, 0, 263, 155, '2.00', 0, '216.00', '2020-01-20'),
(263, 12, 'Donut', 37, 0, 3, 136, 173, 0, '5.00', 0, '865.00', '2020-01-20'),
(264, 12, 'Double body', 46, 60, 0, 0, 106, 51, '5.00', 0, '275.00', '2020-01-20'),
(265, 12, 'Hopia', 153, 0, 0, 0, 153, 54, '5.00', 0, '495.00', '2020-01-20'),
(266, 12, 'Macarons', 122, 100, 0, 0, 222, 127, '2.00', 0, '190.00', '2020-01-20'),
(267, 12, 'Mamon', 154, 200, 0, 0, 354, 91, '1.00', 0, '263.00', '2020-01-20'),
(268, 12, 'Manila cake', 62, 60, 0, 0, 122, 66, '5.00', 0, '280.00', '2020-01-19'),
(269, 12, 'Marble cupcake', 0, 286, 0, 0, 286, 107, '2.00', 0, '358.00', '2020-01-19'),
(270, 12, 'Pineapple pie', 2, 120, 0, 0, 122, 0, '5.00', 2, '600.00', '2020-01-19'),
(271, 12, 'Torta', 10, 120, 0, 0, 130, 16, '5.00', 0, '570.00', '2020-01-19'),
(272, 12, 'Combo bread', 6, 0, 1, 45, 51, 45, '5.00', 6, '0.00', '2020-01-19'),
(273, 12, 'Monggo basket', 68, 0, 0, 0, 68, 40, '5.00', 11, '85.00', '2020-01-19'),
(274, 12, 'Monggo bread', 62, 0, 0, 0, 62, 24, '5.00', 5, '165.00', '2020-01-19'),
(275, 12, 'Tinalay', 65, 0, 5, 100, 165, 24, '5.00', 5, '680.00', '2020-01-19'),
(276, 12, 'Pandesal', 355, 0, 5, 499, 854, 195, '1.00', 0, '659.00', '2020-01-19'),
(277, 12, 'Ube bread', 45, 0, 1, 45, 90, 48, '5.00', 1, '205.00', '2020-01-19'),
(278, 12, 'Hawaiian bread', 51, 100, 0, 0, 151, 0, '5.00', 0, '755.00', '2020-01-19'),
(279, 12, 'Tyre bread', 45, 0, 1, 45, 90, 41, '5.00', 2, '235.00', '2020-01-19'),
(280, 12, 'Empanada', 45, 0, 1, 45, 90, 18, '5.00', 0, '360.00', '2020-01-19'),
(281, 12, 'Hongkong loaf', 5, 0, 0, 5, 10, 5, '20.00', 0, '100.00', '2020-01-19'),
(282, 12, 'Monggo loaf', 4, 0, 0, 0, 4, 4, '20.00', 0, '0.00', '2020-01-19'),
(283, 12, 'Ubeloaf', 5, 0, 0, 4, 9, 4, '20.00', 0, '100.00', '2020-01-19'),
(284, 12, 'Halo-halo', 0, 0, 0, 120, 120, 80, '5.00', 0, '200.00', '2020-01-19'),
(285, 12, 'Creamloaf', 4, 0, 0, 4, 8, 4, '20.00', 0, '80.00', '2020-01-19'),
(286, 12, 'Star bread', 7, 0, 3, 90, 97, 0, '5.00', 0, '485.00', '2020-01-19'),
(287, 12, 'Star bread', 81, 0, 3, 191, 272, 0, '2.00', 0, '544.00', '2020-01-19'),
(288, 12, 'Ube yoyo', 39, 70, 0, 0, 109, 0, '5.00', 0, '545.00', '2020-01-19'),
(289, 12, '12 oz. M. Dew', 17, 48, 0, 0, 65, 16, '15.00', 0, '735.00', '2020-01-19'),
(290, 12, 'Swakto', 14, 48, 0, 0, 62, 23, '13.00', 0, '507.00', '2020-01-19'),
(292, 8, 'Cheese milk', 10, 10, 1, 40, 60, 5, '5.00', 5, '250.00', '2020-01-21'),
(294, 12, 'Ensaymonggo', 364, 0, 2, 240, 604, 240, '2.00', 4, '720.00', '2020-01-20'),
(295, 12, 'Manila cake', 62, 60, 0, 0, 122, 66, '5.00', 0, '280.00', '2020-01-20'),
(296, 12, 'Marble cupcake', 0, 286, 0, 0, 286, 107, '2.00', 0, '358.00', '2020-01-20'),
(297, 12, 'Pineapple pie', 2, 120, 0, 0, 122, 0, '5.00', 2, '600.00', '2020-01-20'),
(298, 12, 'Torta', 10, 120, 0, 0, 130, 16, '5.00', 0, '570.00', '2020-01-20'),
(299, 12, 'Combo bread', 6, 0, 1, 45, 51, 45, '5.00', 6, '0.00', '2020-01-20'),
(300, 12, 'Monggo basket', 68, 0, 0, 0, 68, 40, '5.00', 11, '85.00', '2020-01-20'),
(301, 12, 'Monggo bread', 62, 0, 0, 0, 62, 24, '5.00', 5, '165.00', '2020-01-20'),
(302, 12, 'Tinalay', 65, 0, 5, 100, 165, 37, '5.00', 0, '640.00', '2020-01-20'),
(303, 12, 'Pandesal', 355, 0, 5, 499, 854, 195, '1.00', 0, '659.00', '2020-01-20'),
(304, 12, 'Ube bread', 45, 0, 1, 45, 90, 48, '5.00', 1, '205.00', '2020-01-20'),
(305, 12, 'Hawaiian bread', 51, 100, 0, 0, 151, 0, '5.00', 0, '755.00', '2020-01-20'),
(306, 12, 'Tyre bread', 45, 0, 1, 45, 90, 41, '5.00', 2, '235.00', '2020-01-20'),
(307, 12, 'Empanada', 45, 0, 1, 45, 90, 18, '5.00', 0, '360.00', '2020-01-20'),
(308, 12, 'Hongkong loaf', 5, 0, 0, 5, 10, 5, '20.00', 0, '100.00', '2020-01-20'),
(309, 12, 'Monggo loaf', 4, 0, 0, 4, 8, 4, '20.00', 0, '80.00', '2020-01-20'),
(310, 12, 'Ubeloaf', 5, 0, 0, 4, 9, 4, '20.00', 0, '100.00', '2020-01-20'),
(311, 12, 'Halo-halo', 0, 0, 0, 120, 120, 80, '5.00', 0, '200.00', '2020-01-20'),
(312, 12, 'Creamloaf', 4, 0, 0, 4, 8, 4, '20.00', 0, '80.00', '2020-01-20'),
(313, 12, 'Star bread', 7, 0, 3, 90, 97, 0, '5.00', 0, '485.00', '2020-01-20'),
(314, 12, 'Star bread', 81, 0, 3, 191, 272, 0, '2.00', 0, '544.00', '2020-01-20'),
(315, 12, 'Ube yoyo', 39, 70, 0, 0, 109, 0, '5.00', 0, '545.00', '2020-01-20'),
(316, 12, '12 oz. M. Dew', 17, 48, 0, 0, 65, 16, '15.00', 0, '735.00', '2020-01-20'),
(317, 12, 'Swakto', 14, 48, 0, 0, 62, 23, '13.00', 0, '507.00', '2020-01-20'),
(318, 9, 'Siopao', 0, 0, 8, 244, 244, 0, '25.00', 0, '6100.00', '2020-01-21'),
(320, 9, 'Spanish bread', 330, 0, 0, 0, 330, 106, '5.00', 0, '1120.00', '2020-01-21'),
(321, 9, 'Cheese bread', 345, 0, 0, 0, 345, 140, '5.00', 0, '1025.00', '2020-01-21'),
(322, 9, 'Ube cheese pandesal', 41, 0, 0, 0, 41, 0, '5.00', 25, '80.00', '2020-01-21'),
(323, 9, 'Sweet lemon', 84, 0, 2, 96, 180, 96, '5.00', 0, '420.00', '2020-01-21'),
(324, 9, 'Cheese milk', 291, 0, 0, 0, 291, 162, '5.00', 0, '645.00', '2020-01-21'),
(325, 9, 'Monay', 27, 0, 2, 50, 77, 59, '5.00', 0, '90.00', '2020-01-21'),
(326, 9, 'Sliced bread', 0, 0, 6, 24, 24, 12, '40.00', 0, '480.00', '2020-01-21'),
(327, 9, 'Ensaymonggo', 221, 0, 6, 224, 445, 224, '5.00', 0, '1105.00', '2020-01-21'),
(328, 9, 'Birds nest', 71, 0, 10, 450, 521, 191, '5.00', 0, '1650.00', '2020-01-21'),
(329, 9, 'Football', 57, 0, 0, 0, 57, 0, '5.00', 0, '285.00', '2020-01-21'),
(330, 9, 'Cheese hotdog', 100, 0, 0, 0, 100, 8, '5.00', 0, '460.00', '2020-01-21'),
(331, 9, 'Donut', 195, 0, 0, 0, 195, 28, '5.00', 0, '835.00', '2020-01-21'),
(332, 9, 'Double body', 108, 0, 4, 128, 236, 156, '5.00', 0, '400.00', '2020-01-21'),
(334, 9, 'Manila cake', 22, 0, 3, 72, 94, 35, '5.00', 0, '295.00', '2020-01-21'),
(337, 9, 'Tyre bread', 62, 0, 0, 0, 62, 24, '5.00', 0, '190.00', '2020-01-21'),
(338, 9, 'Empanada', 135, 0, 0, 0, 135, 35, '5.00', 0, '500.00', '2020-01-21'),
(339, 9, 'Buko pie', 160, 0, 4, 160, 320, 160, '5.00', 0, '800.00', '2020-01-21'),
(340, 9, 'Pineapple pie', 160, 0, 4, 160, 320, 160, '5.00', 0, '800.00', '2020-01-21'),
(341, 9, 'Hongkong loaf', 6, 0, 2, 6, 12, 7, '35.00', 0, '175.00', '2020-01-21'),
(342, 9, 'Creamloaf', 11, 0, 2, 12, 23, 12, '35.00', 0, '385.00', '2020-01-21'),
(343, 9, 'Ubeloaf', 11, 0, 2, 12, 23, 12, '35.00', 0, '385.00', '2020-01-21'),
(344, 9, 'Star bread', 26, 0, 2, 50, 76, 53, '5.00', 0, '115.00', '2020-01-21'),
(345, 9, 'Burger buns', 0, 0, 3, 90, 90, 47, '5.00', 0, '215.00', '2020-01-21'),
(346, 9, 'Ube bread', 135, 0, 0, 0, 135, 17, '5.00', 0, '590.00', '2020-01-21'),
(347, 9, 'Tinalay', 14, 0, 0, 0, 14, 0, '5.00', 0, '70.00', '2020-01-21'),
(348, 9, 'Pandecoco', 181, 0, 5, 225, 406, 217, '5.00', 0, '945.00', '2020-01-21'),
(349, 9, 'Garlic stick', 5, 0, 0, 0, 5, 3, '15.00', 0, '30.00', '2020-01-21'),
(351, 9, 'Otap', 12, 0, 0, 0, 12, 11, '30.00', 0, '30.00', '2020-01-21'),
(352, 9, 'Long cookies', 3, 0, 0, 0, 3, 3, '15.00', 0, '0.00', '2020-01-21'),
(353, 9, 'Star cookies', 12, 0, 0, 0, 12, 10, '15.00', 0, '30.00', '2020-01-21'),
(354, 9, 'Cookies lunga', 42, 0, 0, 0, 42, 42, '15.00', 0, '0.00', '2020-01-21'),
(355, 9, 'Egg cracker', 25, 0, 0, 0, 25, 25, '30.00', 0, '0.00', '2020-01-21'),
(356, 9, 'Barquillos big', 33, 0, 0, 0, 33, 33, '40.00', 0, '0.00', '2020-01-21'),
(357, 9, 'Barquillos small', 10, 0, 0, 0, 10, 7, '27.00', 0, '81.00', '2020-01-21'),
(358, 9, 'Barquiron', 48, 0, 0, 0, 48, 46, '30.00', 0, '60.00', '2020-01-21'),
(359, 9, 'Polvoron', 42, 0, 0, 0, 42, 40, '38.00', 0, '76.00', '2020-01-21'),
(360, 9, 'Sambag', 5, 0, 0, 0, 5, 5, '22.00', 0, '0.00', '2020-01-21'),
(361, 9, 'Pastillas', 35, 0, 0, 0, 35, 35, '20.00', 0, '0.00', '2020-01-21'),
(362, 9, 'Mineral water 500ml', 25, 48, 0, 0, 73, 60, '18.00', 0, '234.00', '2020-01-21'),
(363, 9, 'Mineral water 350ml', 43, 60, 0, 0, 103, 42, '13.00', 0, '793.00', '2020-01-21'),
(364, 9, '1.5 liters', 2, 0, 0, 0, 2, 2, '65.00', 0, '0.00', '2020-01-21'),
(365, 9, 'C2 solo', 40, 48, 0, 0, 88, 84, '15.00', 0, '60.00', '2020-01-21'),
(366, 9, 'Dutchmill', 53, 0, 0, 0, 53, 50, '24.00', 0, '72.00', '2020-01-21'),
(367, 9, 'Fit in right 330ml', 41, 0, 0, 0, 41, 32, '32.00', 0, '288.00', '2020-01-21'),
(368, 9, 'Cup noodles jjampong', 2, 0, 0, 0, 2, 2, '35.00', 0, '0.00', '2020-01-21'),
(369, 9, 'Cup noodles small', 52, 0, 0, 0, 52, 51, '30.00', 0, '30.00', '2020-01-21'),
(370, 9, 'Swakto', 140, 0, 0, 0, 140, 57, '13.00', 0, '1079.00', '2020-01-21'),
(371, 9, 'Gatorade 500ml', 6, 0, 0, 0, 6, 2, '47.00', 0, '188.00', '2020-01-21'),
(372, 9, 'Gatorade 350ml', 73, 0, 0, 0, 73, 64, '38.00', 0, '342.00', '2020-01-21'),
(373, 9, 'Mismo', 97, 0, 0, 0, 97, 71, '19.00', 0, '494.00', '2020-01-21'),
(374, 9, 'Minute maid', 1, 100, 0, 0, 101, 90, '15.00', 0, '165.00', '2020-01-21'),
(375, 9, 'Chuckie 110ml', 14, 0, 0, 0, 14, 2, '17.00', 0, '204.00', '2020-01-21'),
(376, 9, 'Banana cake', 182, 0, 9, 340, 522, 351, '5.00', 0, '855.00', '2020-01-21'),
(377, 9, 'Combo bread', 122, 0, 0, 0, 122, 74, '5.00', 0, '240.00', '2020-01-21'),
(378, 9, 'Monggo bread', 161, 0, 0, 0, 161, 152, '5.00', 0, '45.00', '2020-01-21'),
(379, 9, 'Binangkal', 120, 0, 0, 0, 120, 70, '5.00', 0, '250.00', '2020-01-21'),
(381, 9, 'Sliced monay', 0, 0, 6, 35, 35, 35, '35.00', 0, '0.00', '2020-01-21'),
(382, 9, 'Pandeleche', 0, 0, 2, 90, 90, 46, '5.00', 0, '220.00', '2020-01-21'),
(383, 9, 'Marble cupcake', 288, 0, 2, 288, 576, 358, '2.00', 0, '436.00', '2020-01-21'),
(384, 9, 'Choco cupcake', 288, 0, 2, 288, 576, 306, '2.00', 0, '540.00', '2020-01-21'),
(388, 9, 'Macarons', 636, 0, 6, 1152, 1788, 751, '2.00', 0, '2074.00', '2020-01-21'),
(390, 9, 'Torta', 324, 0, 5, 236, 560, 382, '5.00', 0, '890.00', '2020-01-21'),
(391, 9, 'French bread', 20, 0, 3, 99, 119, 99, '5.00', 0, '100.00', '2020-01-21'),
(399, 9, 'Bandi', 5, 0, 0, 0, 5, 3, '20.00', 0, '40.00', '2020-01-21'),
(400, 9, 'Dutchmill Small', 25, 48, 0, 0, 73, 68, '15.00', 0, '75.00', '2020-01-21'),
(401, 9, 'Pineapple juice in can', 49, 0, 0, 0, 49, 33, '35.00', 0, '560.00', '2020-01-21'),
(402, 9, 'Thunder', 7, 0, 0, 0, 7, 4, '20.00', 0, '60.00', '2020-01-21'),
(403, 9, 'Bitchokoy', 60, 0, 0, 0, 60, 0, '7.00', 23, '259.00', '2020-01-21'),
(406, 9, 'Mais-mais', 0, 0, 2, 50, 50, 50, '5.00', 0, '0.00', '2020-01-21'),
(407, 12, 'Siopao', 0, 45, 0, 0, 45, 0, '17.00', 0, '765.00', '2020-01-21'),
(408, 12, 'Cheese bread', 66, 0, 0, 0, 66, 51, '5.00', 0, '75.00', '2020-01-21'),
(409, 12, 'Choco german', 56, 0, 0, 0, 56, 32, '5.00', 0, '120.00', '2020-01-21'),
(410, 12, 'Choco german', 204, 0, 1, 125, 329, 174, '2.00', 0, '310.00', '2020-01-21'),
(411, 12, 'Spanish bread', 76, 0, 0, 0, 76, 27, '5.00', 1, '240.00', '2020-01-21'),
(412, 12, 'Spanish bread', 194, 0, 1, 120, 314, 159, '2.00', 0, '310.00', '2020-01-21'),
(413, 12, 'Pandecoco', 56, 0, 3, 135, 191, 131, '5.00', 0, '300.00', '2020-01-21'),
(414, 12, 'Pandecoco', 176, 0, 3, 360, 536, 281, '2.00', 8, '494.00', '2020-01-21'),
(415, 12, 'Ensaymonggo', 44, 0, 3, 120, 164, 61, '5.00', 2, '505.00', '2020-01-21'),
(416, 12, 'Ensaymonggo', 240, 0, 2, 240, 480, 240, '2.00', 11, '458.00', '2020-01-21'),
(417, 12, 'Football', 116, 0, 2, 120, 236, 170, '2.00', 0, '132.00', '2020-01-21'),
(418, 12, 'Kamote', 186, 0, 2, 120, 306, 280, '2.00', 0, '52.00', '2020-01-21'),
(419, 12, 'Mushroom', 228, 0, 0, 0, 228, 60, '2.00', 108, '120.00', '2020-01-21'),
(420, 12, 'Pandeleche', 10, 0, 2, 60, 70, 21, '5.00', 0, '245.00', '2020-01-21'),
(421, 12, 'Peanut bread', 122, 0, 1, 122, 244, 182, '2.00', 0, '124.00', '2020-01-21'),
(422, 12, 'Sliced bread', 10, 25, 0, 0, 35, 12, '40.00', 0, '920.00', '2020-01-21'),
(423, 12, 'Sliced Bread', 6, 25, 0, 0, 31, 19, '24.00', 0, '288.00', '2020-01-21'),
(424, 12, 'Sliced monay', 15, 15, 0, 0, 30, 20, '30.00', 0, '300.00', '2020-01-21'),
(425, 12, 'Banana cake', 21, 150, 0, 0, 171, 107, '5.00', 0, '320.00', '2020-01-21'),
(426, 12, 'Binangkal', 66, 0, 0, 0, 66, 59, '5.00', 0, '35.00', '2020-01-21'),
(427, 12, 'Choco mamon', 113, 150, 0, 0, 263, 234, '1.00', 0, '29.00', '2020-01-21'),
(428, 12, 'Choco cupcake', 155, 150, 0, 0, 305, 272, '2.00', 0, '66.00', '2020-01-21'),
(429, 12, 'Donut', 0, 0, 3, 135, 135, 37, '5.00', 0, '490.00', '2020-01-21'),
(430, 12, 'Double body', 51, 40, 0, 0, 91, 35, '5.00', 0, '280.00', '2020-01-21'),
(431, 12, 'Hopia', 54, 0, 3, 150, 204, 120, '5.00', 0, '420.00', '2020-01-21'),
(432, 12, 'Macarons', 127, 100, 0, 0, 227, 178, '2.00', 0, '98.00', '2020-01-21'),
(433, 12, 'Mamon', 97, 200, 0, 0, 297, 178, '1.00', 0, '119.00', '2020-01-21'),
(434, 12, 'Manila cake', 66, 70, 0, 0, 136, 104, '5.00', 0, '160.00', '2020-01-21'),
(435, 12, 'Marble cupcake', 104, 200, 0, 0, 304, 179, '2.00', 0, '250.00', '2020-01-21'),
(436, 12, 'Pineapple pie', 0, 120, 0, 0, 120, 44, '5.00', 0, '380.00', '2020-01-21'),
(437, 12, 'Torta', 16, 140, 0, 0, 156, 92, '5.00', 0, '320.00', '2020-01-21'),
(438, 12, 'Combo bread', 45, 0, 0, 0, 45, 15, '5.00', 0, '150.00', '2020-01-21'),
(439, 12, 'Monggo basket', 40, 0, 0, 0, 40, 11, '5.00', 6, '115.00', '2020-01-21'),
(440, 12, 'Monggo bread', 24, 0, 1, 45, 69, 61, '5.00', 0, '40.00', '2020-01-21'),
(441, 12, 'Tinalay', 37, 0, 5, 100, 137, 39, '5.00', 0, '490.00', '2020-01-21'),
(442, 12, 'Pandesal', 195, 0, 5, 522, 717, 317, '1.00', 0, '400.00', '2020-01-21'),
(443, 12, 'Ube bread', 48, 0, 1, 45, 93, 21, '5.00', 0, '360.00', '2020-01-21'),
(444, 12, 'Hawaiian bread', 0, 100, 0, 0, 100, 42, '5.00', 0, '290.00', '2020-01-21'),
(445, 12, 'Tyre bread', 41, 0, 1, 45, 86, 47, '5.00', 0, '195.00', '2020-01-21'),
(446, 12, 'Empanada', 18, 0, 1, 45, 63, 70, '5.00', 0, '-35.00', '2020-01-21'),
(447, 12, 'Hongkong loaf', 5, 0, 0, 5, 10, 5, '20.00', 0, '100.00', '2020-01-21'),
(448, 12, 'Monggo loaf', 4, 0, 0, 4, 8, 5, '20.00', 0, '60.00', '2020-01-21'),
(449, 12, 'Ubeloaf', 4, 0, 0, 4, 8, 7, '20.00', 0, '20.00', '2020-01-21'),
(450, 12, 'Halo-halo', 80, 0, 0, 0, 80, 5, '5.00', 0, '375.00', '2020-01-21'),
(451, 12, 'Creamloaf', 4, 0, 0, 4, 8, 6, '20.00', 0, '40.00', '2020-01-21'),
(452, 12, 'Star bread', 0, 0, 3, 90, 90, 5, '5.00', 0, '425.00', '2020-01-21'),
(453, 12, 'Star bread', 0, 0, 3, 189, 189, 1, '2.00', 0, '376.00', '2020-01-21'),
(454, 12, 'Ube yoyo', 0, 100, 0, 0, 100, 33, '5.00', 0, '335.00', '2020-01-21'),
(455, 12, '12 oz. M. Dew', 16, 48, 0, 0, 64, 13, '15.00', 0, '765.00', '2020-01-21'),
(456, 12, 'Swakto', 23, 48, 0, 0, 71, 42, '13.00', 0, '377.00', '2020-01-21'),
(459, 9, 'Pandesal', 1536, 0, 20, 1400, 2936, 1190, '2.00', 0, '3492.00', '2020-01-21'),
(462, 9, 'Siopao', 38, 0, 8, 250, 288, 0, '25.00', 0, '7200.00', '2020-01-20'),
(463, 9, 'Cheese bread', 24, 0, 5, 225, 249, 349, '5.00', 0, '-500.00', '2020-01-20'),
(464, 9, 'Spanish bread', 129, 0, 7, 315, 444, 330, '5.00', 0, '570.00', '2020-01-20'),
(466, 9, 'Birds nest', 64, 0, 10, 312, 376, 71, '5.00', 0, '1525.00', '2020-01-20'),
(468, 9, 'Ensaymonggo', 168, 0, 7, 220, 388, 221, '5.00', 0, '835.00', '2020-01-20'),
(469, 9, 'Sweet lemon', 132, 0, 4, 84, 216, 84, '5.00', 0, '660.00', '2020-01-20'),
(470, 9, 'Football', 41, 0, 3, 90, 131, 57, '5.00', 0, '370.00', '2020-01-20'),
(472, 9, 'Siopao', 38, 0, 8, 250, 288, 0, '25.00', 0, '7200.00', '2020-01-20'),
(475, 9, 'French bread', 0, 0, 3, 90, 90, 20, '5.00', 0, '350.00', '2020-01-20'),
(477, 9, 'Pandecoco', 220, 0, 7, 315, 535, 181, '5.00', 0, '1770.00', '2020-01-20'),
(480, 9, 'Cheese milk', 232, 0, 4, 180, 412, 291, '5.00', 0, '605.00', '2020-01-20'),
(481, 9, 'Monay', 38, 0, 3, 98, 136, 27, '5.00', 0, '545.00', '2020-01-20'),
(482, 9, 'Sliced bread', 10, 0, 6, 24, 34, 0, '40.00', 0, '1360.00', '2020-01-20'),
(494, 9, 'Sliced bread', 10, 0, 6, 24, 34, 0, '40.00', 0, '1360.00', '2020-01-20'),
(495, 9, 'Banana cake', 154, 0, 9, 340, 494, 182, '5.00', 0, '1560.00', '2020-01-20'),
(496, 9, 'Binangkal', 1, 0, 3, 120, 121, 120, '5.00', 0, '5.00', '2020-01-20'),
(497, 9, 'Choco cupcake', 39, 0, 2, 288, 327, 288, '2.00', 0, '78.00', '2020-01-20'),
(498, 9, 'Donut', 180, 0, 4, 180, 360, 195, '5.00', 0, '825.00', '2020-01-20'),
(499, 9, 'Double body', 0, 0, 4, 128, 128, 108, '5.00', 0, '100.00', '2020-01-20'),
(500, 9, 'Macarons', 574, 0, 4, 1128, 1702, 636, '2.00', 0, '2132.00', '2020-01-20'),
(501, 9, 'Manila cake', 17, 0, 3, 72, 89, 22, '5.00', 0, '335.00', '2020-01-20'),
(502, 9, 'Marble cupcake', 82, 0, 2, 288, 370, 288, '2.00', 0, '164.00', '2020-01-20'),
(503, 9, 'Pineapple pie', 0, 0, 4, 160, 160, 160, '5.00', 0, '0.00', '2020-01-20'),
(504, 9, 'Torta', 400, 0, 5, 236, 636, 324, '5.00', 0, '1560.00', '2020-01-20'),
(505, 9, 'Combo bread', 240, 0, 0, 0, 240, 122, '5.00', 0, '590.00', '2020-01-20'),
(506, 9, 'Cheese hotdog', 0, 0, 3, 135, 135, 100, '5.00', 0, '175.00', '2020-01-20'),
(507, 9, 'Monggo bread', 216, 0, 0, 0, 216, 161, '5.00', 0, '275.00', '2020-01-20'),
(508, 9, 'Pandesal', 1540, 0, 22, 1540, 3080, 1540, '2.00', 0, '3080.00', '2020-01-20'),
(509, 9, 'Ube bread', 1, 0, 3, 135, 136, 135, '5.00', 0, '5.00', '2020-01-20'),
(510, 9, 'Tyre bread', 150, 0, 0, 0, 150, 62, '5.00', 0, '440.00', '2020-01-20'),
(511, 9, 'Empanada', 151, 0, 3, 135, 286, 135, '5.00', 0, '755.00', '2020-01-20'),
(512, 9, 'Buko pie', 0, 0, 4, 160, 160, 160, '5.00', 0, '0.00', '2020-01-20'),
(513, 9, 'Hongkong loaf', 0, 0, 0, 6, 6, 6, '35.00', 0, '0.00', '2020-01-20'),
(514, 9, 'Ubeloaf', 12, 0, 0, 12, 24, 11, '35.00', 0, '455.00', '2020-01-20'),
(515, 9, 'Bitchokoy', 90, 0, 0, 0, 90, 60, '7.00', 0, '210.00', '2020-01-20'),
(516, 9, 'Brazo de mercedez', 2, 0, 0, 0, 2, 0, '180.00', 0, '360.00', '2020-01-20'),
(517, 9, 'Creamloaf', 12, 0, 0, 12, 24, 11, '35.00', 0, '455.00', '2020-01-20'),
(518, 9, 'Star bread', 34, 0, 3, 90, 124, 26, '5.00', 0, '490.00', '2020-01-20'),
(519, 9, 'Burger buns', 0, 0, 3, 90, 90, 0, '5.00', 0, '450.00', '2020-01-20'),
(520, 9, 'Special piaya', 2, 0, 0, 0, 2, 0, '45.00', 0, '90.00', '2020-01-20'),
(521, 9, 'Bandi', 6, 0, 0, 0, 6, 5, '20.00', 0, '20.00', '2020-01-20'),
(522, 9, 'Garlic stick', 9, 0, 0, 0, 9, 5, '15.00', 0, '60.00', '2020-01-20'),
(523, 9, 'Otap', 12, 0, 0, 0, 12, 12, '30.00', 0, '0.00', '2020-01-20'),
(524, 9, 'Long cookies', 3, 0, 0, 0, 3, 3, '15.00', 0, '0.00', '2020-01-20'),
(525, 9, 'Star cookies', 13, 0, 0, 0, 13, 12, '15.00', 0, '15.00', '2020-01-20'),
(526, 9, 'Cookies lunga', 46, 0, 0, 0, 46, 42, '15.00', 0, '60.00', '2020-01-20'),
(527, 9, 'Egg cracker', 25, 0, 0, 0, 25, 25, '30.00', 0, '0.00', '2020-01-20'),
(528, 9, 'Barquillos big', 35, 0, 0, 0, 35, 33, '40.00', 0, '80.00', '2020-01-20'),
(529, 9, 'Barquillos small', 14, 0, 0, 0, 14, 10, '27.00', 0, '108.00', '2020-01-20'),
(530, 9, 'Polvoron', 44, 0, 0, 0, 44, 42, '38.00', 0, '76.00', '2020-01-20'),
(531, 9, 'Sambag', 6, 0, 0, 0, 6, 5, '22.00', 0, '22.00', '2020-01-20'),
(532, 9, 'Pastillas', 35, 0, 0, 0, 35, 35, '20.00', 0, '0.00', '2020-01-20'),
(533, 9, 'Mineral water 500ml', 42, 0, 0, 0, 42, 25, '18.00', 0, '306.00', '2020-01-20'),
(534, 9, 'Mineral water 350ml', 72, 0, 0, 0, 72, 43, '13.00', 0, '377.00', '2020-01-20'),
(535, 9, '1.5 liters', 2, 0, 0, 0, 2, 2, '65.00', 0, '0.00', '2020-01-20'),
(536, 9, 'C2 solo', 84, 0, 0, 0, 84, 40, '15.00', 0, '660.00', '2020-01-20'),
(537, 9, 'Dutchmill', 68, 0, 0, 0, 68, 45, '24.00', 0, '552.00', '2020-01-20'),
(538, 9, 'Dutchmill Small', 61, 0, 0, 0, 61, 25, '15.00', 0, '540.00', '2020-01-20'),
(539, 9, 'Fit in right 330ml', 113, 0, 0, 0, 113, 41, '32.00', 0, '2304.00', '2020-01-20'),
(540, 9, 'Barquiron', 48, 0, 0, 0, 48, 48, '30.00', 0, '0.00', '2020-01-20'),
(541, 9, 'Cup noodles jjampong', 68, 0, 0, 0, 68, 45, '35.00', 0, '805.00', '2020-01-20'),
(542, 9, 'Cup noodles small', 59, 0, 0, 0, 59, 52, '30.00', 0, '210.00', '2020-01-20'),
(543, 9, 'Swakto', 196, 0, 0, 0, 196, 140, '13.00', 0, '728.00', '2020-01-20'),
(544, 9, 'Halo-halo', 8, 0, 0, 0, 8, 6, '5.00', 0, '10.00', '2020-01-20'),
(545, 9, 'Gatorade 350ml', 76, 0, 0, 0, 76, 73, '38.00', 0, '114.00', '2020-01-20'),
(546, 9, 'Vitamilk', 4, 0, 0, 0, 4, 0, '30.00', 0, '120.00', '2020-01-20'),
(547, 9, 'Mismo', 195, 0, 0, 0, 195, 107, '19.00', 0, '1672.00', '2020-01-20'),
(548, 9, 'Minute maid', 5, 0, 0, 0, 5, 1, '15.00', 0, '60.00', '2020-01-20'),
(549, 9, 'Cobra', 2, 0, 0, 0, 2, 0, '30.00', 0, '60.00', '2020-01-20'),
(550, 9, 'Cobra', 2, 0, 0, 0, 2, 0, '30.00', 0, '60.00', '2020-01-20'),
(551, 9, 'Chuckie 110ml', 24, 0, 0, 0, 24, 14, '17.00', 0, '170.00', '2020-01-20'),
(552, 9, 'Thunder', 12, 0, 0, 0, 12, 7, '20.00', 0, '100.00', '2020-01-20'),
(553, 9, 'Siopao', 0, 0, 8, 250, 250, 50, '25.00', 0, '5000.00', '2020-01-22'),
(554, 9, 'Cheese bread', 140, 0, 0, 0, 140, 0, '5.00', 0, '700.00', '2020-01-22'),
(555, 9, 'Spanish bread', 106, 0, 3, 205, 311, 80, '5.00', 0, '1155.00', '2020-01-22'),
(556, 9, 'French bread', 99, 0, 3, 72, 171, 72, '5.00', 0, '495.00', '2020-01-22'),
(557, 9, 'Birds nest', 191, 0, 6, 348, 539, 101, '5.00', 0, '2190.00', '2020-01-22'),
(558, 9, 'Pandecoco', 217, 0, 5, 240, 457, 240, '5.00', 0, '1085.00', '2020-01-22'),
(560, 9, 'Ensaymonggo', 224, 0, 6, 348, 572, 304, '5.00', 0, '1340.00', '2020-01-22'),
(561, 9, 'Sweet lemon', 96, 0, 0, 0, 96, 0, '5.00', 0, '480.00', '2020-01-22'),
(562, 9, 'Football', 0, 0, 3, 79, 79, 79, '5.00', 0, '0.00', '2020-01-22'),
(563, 9, 'Cheese milk', 162, 0, 0, 0, 162, 0, '5.00', 50, '560.00', '2020-01-22'),
(564, 9, 'Monay', 59, 0, 0, 0, 59, 0, '5.00', 0, '295.00', '2020-01-22'),
(565, 9, 'Pandeleche', 46, 0, 0, 0, 46, 14, '5.00', 0, '160.00', '2020-01-22'),
(566, 9, 'Sliced bread', 12, 0, 6, 23, 35, 13, '40.00', 0, '880.00', '2020-01-22'),
(567, 9, 'Sliced monay', 35, 0, 0, 0, 35, 21, '35.00', 0, '490.00', '2020-01-22'),
(568, 9, 'Banana cake', 351, 0, 9, 340, 691, 456, '5.00', 0, '1175.00', '2020-01-22'),
(569, 9, 'Binangkal', 70, 0, 0, 0, 70, 7, '5.00', 0, '315.00', '2020-01-22'),
(570, 9, 'Choco cupcake', 18, 0, 1, 144, 162, 144, '2.00', 0, '36.00', '2020-01-22'),
(571, 9, 'Donut', 28, 0, 4, 228, 256, 172, '5.00', 7, '385.00', '2020-01-22'),
(572, 9, 'Double body', 156, 0, 4, 128, 284, 165, '5.00', 0, '595.00', '2020-01-22'),
(573, 9, 'Hopia', 336, 0, 0, 0, 336, 260, '5.00', 0, '380.00', '2020-01-22'),
(574, 9, 'Macarons', 751, 0, 3, 564, 1315, 296, '2.00', 0, '2038.00', '2020-01-22'),
(575, 9, 'Manila cake', 35, 0, 3, 72, 107, 62, '5.00', 0, '225.00', '2020-01-22'),
(576, 9, 'Marble cupcake', 358, 0, 1, 144, 502, 152, '2.00', 0, '700.00', '2020-01-22'),
(577, 9, 'Pineapple pie', 160, 0, 4, 160, 320, 172, '5.00', 0, '740.00', '2020-01-22'),
(578, 9, 'Torta', 382, 0, 3, 140, 522, 324, '5.00', 0, '990.00', '2020-01-22'),
(579, 9, 'Combo bread', 74, 0, 0, 0, 74, 0, '5.00', 30, '220.00', '2020-01-22'),
(580, 9, 'Cheese hotdog', 8, 0, 3, 140, 148, 140, '5.00', 0, '40.00', '2020-01-22'),
(581, 9, 'Monggo bread', 152, 0, 0, 0, 152, 0, '5.00', 112, '200.00', '2020-01-22'),
(582, 9, 'Pandesal', 950, 0, 18, 1130, 2080, 1130, '2.00', 0, '1900.00', '2020-01-22'),
(583, 9, 'Ube bread', 17, 0, 3, 120, 137, 120, '5.00', 0, '85.00', '2020-01-22'),
(584, 9, 'Tyre bread', 24, 0, 3, 189, 213, 189, '5.00', 0, '120.00', '2020-01-22'),
(585, 9, 'Empanada', 35, 0, 0, 0, 35, 0, '5.00', 0, '175.00', '2020-01-22'),
(586, 9, 'Buko pie', 160, 0, 4, 160, 320, 160, '5.00', 0, '800.00', '2020-01-22'),
(587, 9, 'Hongkong loaf', 7, 0, 2, 6, 13, 6, '35.00', 0, '245.00', '2020-01-22'),
(588, 9, 'Ubeloaf', 12, 0, 2, 11, 23, 11, '35.00', 0, '420.00', '2020-01-22'),
(589, 9, 'Creamloaf', 12, 0, 2, 12, 24, 12, '35.00', 0, '420.00', '2020-01-22'),
(590, 9, 'Halo-halo', 0, 0, 2, 80, 80, 80, '5.00', 0, '0.00', '2020-01-22'),
(591, 9, 'Star bread', 53, 0, 3, 81, 134, 81, '5.00', 0, '265.00', '2020-01-22'),
(592, 9, 'Burger buns', 47, 0, 0, 0, 47, 0, '5.00', 0, '235.00', '2020-01-22'),
(593, 9, 'Bandi', 2, 0, 0, 0, 2, 1, '20.00', 0, '20.00', '2020-01-22'),
(594, 9, 'Garlic stick', 3, 0, 0, 0, 3, 1, '15.00', 0, '30.00', '2020-01-22'),
(595, 9, 'Otap', 11, 0, 0, 0, 11, 11, '30.00', 0, '0.00', '2020-01-22'),
(596, 9, 'Long cookies', 3, 0, 0, 0, 3, 1, '15.00', 0, '30.00', '2020-01-22'),
(597, 9, 'Star cookies', 10, 0, 0, 0, 10, 7, '15.00', 0, '45.00', '2020-01-22'),
(598, 9, 'Cookies lunga', 42, 0, 0, 0, 42, 42, '15.00', 0, '0.00', '2020-01-22'),
(599, 9, 'Egg cracker', 25, 0, 0, 0, 25, 25, '30.00', 0, '0.00', '2020-01-22'),
(600, 9, 'Barquillos big', 33, 0, 0, 0, 33, 32, '40.00', 0, '40.00', '2020-01-22'),
(601, 9, 'Barquillos small', 46, 0, 0, 0, 46, 4, '27.00', 0, '1134.00', '2020-01-22'),
(602, 9, 'Barquiron', 46, 0, 0, 0, 46, 42, '30.00', 0, '120.00', '2020-01-22'),
(603, 9, 'Polvoron', 40, 0, 0, 0, 40, 36, '38.00', 0, '152.00', '2020-01-22'),
(608, 9, 'Pastillas', 35, 0, 0, 0, 35, 33, '20.00', 0, '40.00', '2020-01-22'),
(609, 9, 'Mineral water 500ml', 60, 0, 0, 0, 60, 48, '18.00', 0, '216.00', '2020-01-22'),
(610, 9, 'Mineral water 350ml', 42, 30, 0, 0, 72, 52, '13.00', 0, '260.00', '2020-01-22'),
(614, 9, 'Mismo', 71, 72, 0, 0, 143, 85, '19.00', 0, '1102.00', '2020-01-23'),
(618, 9, 'Dutchmill', 50, 0, 0, 0, 50, 39, '24.00', 0, '264.00', '2020-01-22'),
(622, 9, 'Pineapple juice in can', 33, 0, 0, 0, 33, 32, '35.00', 0, '35.00', '2020-01-22'),
(623, 9, 'Gatorade 500ml', 2, 0, 0, 0, 2, 2, '47.00', 0, '0.00', '2020-01-22'),
(624, 9, 'Gatorade 350ml', 54, 0, 0, 0, 54, 54, '38.00', 0, '0.00', '2020-01-22'),
(625, 9, 'Vitamilk', 0, 24, 0, 0, 24, 22, '30.00', 0, '60.00', '2020-01-22'),
(626, 9, 'Minute maid', 90, 0, 0, 0, 90, 79, '15.00', 0, '165.00', '2020-01-22'),
(629, 9, 'Natures spring flavored', 0, 35, 0, 0, 35, 34, '26.00', 0, '26.00', '2020-01-22'),
(630, 9, 'Yakult', 0, 50, 0, 0, 50, 45, '12.00', 0, '60.00', '2020-01-22'),
(633, 9, 'Thunder', 4, 0, 0, 0, 4, 4, '20.00', 0, '0.00', '2020-01-22'),
(634, 9, 'Mais-mais', 50, 0, 0, 0, 50, 50, '5.00', 0, '0.00', '2020-01-22'),
(641, 9, 'Mais-mais', 50, 0, 0, 0, 50, 0, '5.00', 0, '250.00', '2020-01-22'),
(642, 12, 'Siopao', 0, 45, 0, 0, 45, 0, '17.00', 0, '765.00', '2020-01-22'),
(643, 12, 'Cheese bread', 51, 0, 1, 45, 96, 30, '5.00', 50, '80.00', '2020-01-22'),
(644, 12, 'Choco german', 32, 0, 1, 45, 77, 57, '5.00', 0, '100.00', '2020-01-22'),
(645, 12, 'Choco german', 174, 0, 2, 240, 414, 255, '2.00', 0, '318.00', '2020-01-22'),
(646, 12, 'Spanish bread', 27, 0, 2, 90, 117, 81, '5.00', 9, '135.00', '2020-01-22'),
(647, 12, 'Spanish bread', 159, 0, 2, 240, 399, 261, '2.00', 0, '276.00', '2020-01-22'),
(648, 12, 'Pandecoco', 131, 0, 2, 90, 221, 149, '5.00', 12, '300.00', '2020-01-22'),
(649, 12, 'Ensaymonggo', 61, 0, 1, 120, 181, 114, '5.00', 0, '335.00', '2020-01-22'),
(650, 12, 'Cheese bread', 51, 0, 1, 45, 96, 30, '5.00', 50, '80.00', '2020-01-22'),
(651, 12, 'Ensaymonggo', 240, 0, 2, 240, 480, 273, '2.00', 0, '414.00', '2020-01-22'),
(652, 12, 'Football', 170, 0, 2, 120, 290, 249, '2.00', 0, '82.00', '2020-01-22'),
(654, 12, 'Mushroom', 60, 0, 2, 120, 180, 80, '2.00', 0, '200.00', '2020-01-22'),
(655, 12, 'Pandeleche', 21, 0, 2, 60, 81, 38, '5.00', 12, '155.00', '2020-01-22'),
(656, 12, 'Peanut bread', 182, 0, 1, 120, 302, 244, '2.00', 0, '116.00', '2020-01-22'),
(657, 12, 'Sliced bread', 12, 24, 0, 0, 36, 11, '40.00', 0, '1000.00', '2020-01-22'),
(658, 12, 'Sliced Bread', 19, 20, 0, 0, 39, 13, '24.00', 0, '624.00', '2020-01-22'),
(659, 12, 'Sliced monay', 20, 15, 0, 0, 35, 13, '30.00', 0, '660.00', '2020-01-22'),
(660, 12, 'Banana cake', 107, 100, 0, 0, 207, 70, '5.00', 0, '685.00', '2020-01-22'),
(661, 12, 'Binangkal', 59, 0, 0, 0, 59, 8, '5.00', 1, '250.00', '2020-01-22'),
(662, 12, 'Choco mamon', 234, 100, 0, 0, 334, 201, '1.00', 53, '80.00', '2020-01-22'),
(663, 9, 'Polvoron', 0, 0, 3, 142, 142, 125, '5.00', 0, '85.00', '2020-01-22'),
(664, 12, 'Choco cupcake', 272, 0, 0, 0, 272, 185, '2.00', 1, '172.00', '2020-01-22'),
(665, 12, 'Donut', 37, 0, 3, 135, 172, 56, '5.00', 0, '580.00', '2020-01-22'),
(666, 12, 'Double body', 35, 40, 0, 0, 75, 42, '5.00', 0, '165.00', '2020-01-22'),
(667, 12, 'Hopia', 120, 0, 0, 0, 120, 55, '5.00', 0, '325.00', '2020-01-22'),
(668, 12, 'Macarons', 178, 100, 0, 0, 278, 178, '2.00', 0, '200.00', '2020-01-22'),
(669, 12, 'Mamon', 178, 100, 0, 0, 278, 24, '1.00', 0, '254.00', '2020-01-22'),
(670, 12, 'Manila cake', 104, 0, 0, 0, 104, 74, '5.00', 19, '55.00', '2020-01-22'),
(671, 12, 'Marble cupcake', 179, 150, 0, 0, 329, 146, '2.00', 0, '366.00', '2020-01-22'),
(672, 12, 'Pineapple pie', 44, 80, 0, 0, 124, 0, '5.00', 10, '570.00', '2020-01-22'),
(673, 12, 'Torta', 92, 98, 0, 0, 190, 116, '5.00', 0, '370.00', '2020-01-22'),
(674, 12, 'Combo bread', 15, 0, 1, 45, 60, 45, '5.00', 15, '0.00', '2020-01-22'),
(675, 12, 'Monggo basket', 11, 0, 1, 45, 56, 45, '5.00', 11, '0.00', '2020-01-22'),
(676, 12, 'Monggo bread', 61, 0, 1, 45, 106, 59, '5.00', 16, '155.00', '2020-01-22'),
(677, 12, 'Tinalay', 39, 0, 5, 100, 139, 57, '5.00', 0, '410.00', '2020-01-22'),
(678, 12, 'Pandesal', 317, 0, 5, 510, 827, 295, '1.00', 0, '532.00', '2020-01-22'),
(679, 12, 'Ube bread', 66, 0, 1, 45, 111, 85, '5.00', 0, '130.00', '2020-01-22'),
(680, 12, 'Hawaiian bread', 42, 60, 0, 0, 102, 20, '5.00', 0, '410.00', '2020-01-22'),
(681, 12, 'Tyre bread', 47, 0, 1, 45, 92, 80, '5.00', 0, '60.00', '2020-01-22'),
(682, 12, 'Empanada', 70, 0, 0, 0, 70, 8, '5.00', 0, '310.00', '2020-01-22'),
(683, 12, 'Hongkong loaf', 5, 0, 0, 5, 10, 3, '20.00', 1, '120.00', '2020-01-22'),
(684, 12, 'Monggo loaf', 5, 0, 0, 4, 9, 2, '20.00', 0, '140.00', '2020-01-22'),
(685, 12, 'Ubeloaf', 7, 0, 0, 0, 7, 0, '20.00', 0, '140.00', '2020-01-22'),
(686, 12, 'Halo-halo', 5, 0, 0, 0, 5, 0, '5.00', 0, '25.00', '2020-01-22'),
(687, 12, 'Creamloaf', 6, 0, 0, 0, 6, 0, '20.00', 0, '120.00', '2020-01-22'),
(688, 12, 'Star bread', 5, 0, 3, 90, 95, 0, '5.00', 0, '475.00', '2020-01-22'),
(689, 12, 'Star bread', 1, 0, 3, 190, 191, 48, '2.00', 0, '286.00', '2020-01-22'),
(690, 12, 'Ube yoyo', 33, 97, 0, 0, 130, 34, '5.00', 1, '475.00', '2020-01-22'),
(691, 12, '12 oz. M. Dew', 13, 48, 0, 0, 61, 0, '15.00', 0, '915.00', '2020-01-22'),
(692, 12, 'Swakto', 42, 36, 0, 0, 78, 29, '13.00', 0, '637.00', '2020-01-22'),
(693, 12, 'Mushroom', 60, 0, 2, 120, 180, 80, '2.00', 0, '200.00', '2020-01-22'),
(695, 12, 'Pandecoco', 281, 0, 3, 360, 641, 211, '2.00', 4, '852.00', '2020-01-22'),
(696, 12, 'Pandecoco', 281, 0, 3, 360, 641, 211, '2.00', 4, '852.00', '2020-01-22'),
(697, 12, 'Kamote', 280, 0, 0, 0, 280, 159, '2.00', 0, '242.00', '2020-01-22'),
(698, 9, 'Swakto', 57, 120, 0, 0, 177, 141, '13.00', 0, '468.00', '2020-01-22'),
(699, 9, 'Bandi', 3, 0, 0, 0, 3, 1, '20.00', 0, '40.00', '2020-01-22'),
(700, 9, '1.5 liters', 2, 0, 0, 0, 2, 2, '65.00', 0, '0.00', '2020-01-22'),
(701, 9, 'Barquillos small', 7, 0, 0, 0, 7, 4, '27.00', 0, '81.00', '2020-01-22'),
(703, 9, 'C2 solo', 84, 0, 0, 0, 84, 56, '15.00', 0, '420.00', '2020-01-22'),
(704, 9, 'C2 500ml', 0, 24, 0, 0, 24, 21, '26.00', 0, '78.00', '2020-01-22'),
(706, 9, 'Chuckie', 2, 16, 0, 0, 18, 12, '17.00', 0, '102.00', '2020-01-22'),
(708, 9, 'C2 500ml', 0, 24, 0, 0, 24, 21, '26.00', 0, '78.00', '2020-01-22'),
(709, 9, 'Cup noodles jjampong', 2, 0, 0, 0, 2, 2, '35.00', 0, '0.00', '2020-01-22'),
(710, 9, 'Cup noodles small', 51, 0, 0, 0, 51, 46, '30.00', 0, '150.00', '2020-01-22'),
(712, 9, 'Dutchmill Small', 68, 0, 0, 0, 68, 65, '15.00', 0, '45.00', '2020-01-22'),
(713, 9, 'Fit in right 330ml', 32, 24, 0, 0, 56, 44, '32.00', 0, '384.00', '2020-01-22'),
(714, 9, 'Gatorade 350ml', 64, 0, 0, 0, 64, 54, '38.00', 0, '380.00', '2020-01-22'),
(715, 9, 'Gatorade 500ml', 2, 0, 0, 0, 2, 2, '47.00', 0, '0.00', '2020-01-22'),
(717, 9, 'Chuckie big', 2, 12, 0, 0, 14, 7, '25.00', 0, '175.00', '2020-01-22');

-- --------------------------------------------------------

--
-- Table structure for table `report`
--

CREATE TABLE `report` (
  `id` int(10) NOT NULL,
  `branch_id` text NOT NULL,
  `product_name` text NOT NULL,
  `beginning` int(10) NOT NULL,
  `from_branch` int(10) NOT NULL,
  `num_of_kilos` int(10) NOT NULL,
  `quantity` int(10) NOT NULL,
  `total` int(10) NOT NULL,
  `unsold_goods` int(10) NOT NULL,
  `price` decimal(10,2) NOT NULL,
  `pullout` int(10) NOT NULL,
  `sales` decimal(10,2) NOT NULL,
  `date` date NOT NULL,
  `status` text NOT NULL,
  `seen` text NOT NULL
) ENGINE=InnoDB DEFAULT CHARSET=latin1;

--
-- Dumping data for table `report`
--

INSERT INTO `report` (`id`, `branch_id`, `product_name`, `beginning`, `from_branch`, `num_of_kilos`, `quantity`, `total`, `unsold_goods`, `price`, `pullout`, `sales`, `date`, `status`, `seen`) VALUES
(1, '8', 'Bread Sample', 50, 20, 0, 0, 70, 10, '10.00', 10, '500.00', '2020-01-16', 'done', 'no'),
(2, '8', 'Putok', 20, 2, 0, 0, 22, 2, '5.00', 2, '90.00', '2020-01-16', 'done', 'no'),
(3, '8', 'Hard monay', 20, 20, 0, 0, 40, 3, '5.00', 3, '170.00', '2020-01-16', 'done', 'no'),
(4, '8', 'Elorde', 20, 20, 0, 0, 40, 2, '5.00', 3, '175.00', '2020-01-16', 'done', 'no'),
(5, '8', 'Hawaiian bread', 30, 20, 0, 0, 50, 3, '5.00', 3, '220.00', '2020-01-16', 'done', 'no'),
(6, '8', 'Cheese milk', 20, 20, 0, 0, 40, 10, '5.00', 5, '125.00', '2020-01-16', 'done', 'no'),
(7, '8', 'Siopao', 20, 20, 0, 0, 40, 2, '17.00', 2, '612.00', '2020-01-16', 'done', 'no'),
(8, '8', 'Atis-atis', 30, 30, 0, 0, 60, 5, '6.00', 5, '300.00', '2020-01-16', 'done', 'no'),
(9, '8', 'Bahog2x', 20, 20, 0, 0, 40, 5, '2.00', 5, '60.00', '2020-01-16', 'done', 'no'),
(10, '12', 'Siopao', 0, 50, 0, 0, 50, 0, '17.00', 1, '833.00', '2020-01-19', 'done', 'no'),
(11, '12', 'Cheese bread', 42, 0, 2, 90, 132, 103, '5.00', 0, '145.00', '2020-01-19', 'done', 'no'),
(12, '12', 'Choco german', 163, 0, 1, 45, 208, 109, '5.00', 33, '330.00', '2020-01-19', 'done', 'no'),
(13, '12', 'Choco german', 275, 0, 2, 240, 515, 280, '2.00', 0, '470.00', '2020-01-19', 'done', 'no'),
(14, '12', 'Spanish bread', 78, 0, 2, 90, 168, 111, '5.00', 1, '280.00', '2020-01-19', 'done', 'no'),
(15, '12', 'Spanish bread', 332, 0, 2, 240, 572, 242, '2.00', 0, '660.00', '2020-01-19', 'done', 'no'),
(16, '12', 'Pandecoco', 145, 0, 3, 135, 280, 93, '5.00', 1, '930.00', '2020-01-19', 'done', 'no'),
(17, '12', 'Pandecoco', 277, 0, 3, 360, 637, 61, '2.00', 0, '1152.00', '2020-01-19', 'done', 'no'),
(18, '12', 'Ensaymonggo', 121, 0, 3, 120, 241, 129, '5.00', 0, '560.00', '2020-01-19', 'done', 'no'),
(19, '12', 'Ensaymonggo', 360, 0, 3, 360, 720, 364, '2.00', 1, '710.00', '2020-01-19', 'done', 'no'),
(20, '12', 'Football', 212, 0, 2, 120, 332, 146, '2.00', 0, '372.00', '2020-01-19', 'done', 'no'),
(21, '12', 'Kamote', 173, 0, 2, 120, 293, 150, '2.00', 0, '286.00', '2020-01-19', 'done', 'no'),
(22, '12', 'Mushroom', 294, 0, 2, 120, 414, 300, '2.00', 12, '204.00', '2020-01-19', 'done', 'no'),
(23, '12', 'Pandeleche', 57, 0, 2, 60, 117, 34, '5.00', 0, '415.00', '2020-01-19', 'done', 'no'),
(24, '12', 'Peanut bread', 322, 0, 0, 0, 322, 41, '2.00', 0, '562.00', '2020-01-19', 'done', 'no'),
(25, '12', 'Sliced bread', 21, 25, 0, 0, 46, 9, '40.00', 0, '1480.00', '2020-01-19', 'done', 'no'),
(26, '12', 'Sliced monay', 19, 15, 0, 0, 34, 13, '30.00', 0, '630.00', '2020-01-19', 'done', 'no'),
(27, '12', 'Banana cake', 3, 150, 0, 0, 153, 14, '5.00', 0, '695.00', '2020-01-19', 'done', 'no'),
(28, '12', 'Binangkal', 125, 0, 0, 0, 125, 45, '5.00', 0, '400.00', '2020-01-19', 'done', 'no'),
(29, '12', 'Choco mamon', 279, 150, 0, 0, 429, 88, '1.00', 0, '341.00', '2020-01-19', 'done', 'no'),
(30, '12', 'Choco cupcake', 104, 200, 0, 0, 304, 49, '2.00', 2, '506.00', '2020-01-19', 'done', 'no'),
(31, '12', 'Donut', 42, 0, 3, 135, 177, 37, '5.00', 0, '700.00', '2020-01-19', 'done', 'no'),
(32, '12', 'Double body', 65, 80, 0, 0, 145, 46, '5.00', 2, '485.00', '2020-01-19', 'done', 'no'),
(33, '12', 'Hopia', 36, 0, 3, 150, 186, 153, '5.00', 0, '165.00', '2020-01-19', 'done', 'no'),
(34, '12', 'Macarons', 119, 200, 0, 0, 319, 122, '2.00', 0, '394.00', '2020-01-19', 'done', 'no'),
(35, '12', 'Mamon', 121, 154, 0, 0, 275, 154, '1.00', 0, '121.00', '2020-01-19', 'done', 'no'),
(36, '12', 'Manila cake', 66, 154, 0, 0, 220, 154, '5.00', 0, '330.00', '2020-01-19', 'done', 'no'),
(37, '12', 'Manila cake', 66, 70, 0, 0, 136, 62, '5.00', 0, '370.00', '2020-01-19', 'done', 'no'),
(38, '12', 'Marble cupcake', 115, 198, 0, 0, 313, 0, '2.00', 0, '626.00', '2020-01-19', 'done', 'no'),
(39, '12', 'Pineapple pie', 20, 120, 0, 0, 140, 2, '5.00', 10, '640.00', '2020-01-19', 'done', 'no'),
(40, '12', 'Torta', 91, 100, 0, 0, 191, 10, '5.00', 0, '905.00', '2020-01-19', 'done', 'no'),
(41, '12', 'Combo bread', 105, 0, 0, 0, 105, 6, '5.00', 4, '475.00', '2020-01-19', 'done', 'no'),
(42, '12', 'Monggo basket', 45, 0, 1, 45, 90, 68, '5.00', 0, '110.00', '2020-01-19', 'done', 'no'),
(43, '12', 'Monggo bread', 34, 0, 1, 45, 79, 62, '5.00', 4, '65.00', '2020-01-19', 'done', 'no'),
(44, '12', 'Tinalay', 58, 0, 5, 100, 158, 65, '5.00', 0, '465.00', '2020-01-19', 'done', 'no'),
(45, '12', 'Pandesal', 421, 0, 5, 494, 915, 355, '1.00', 0, '560.00', '2020-01-19', 'done', 'no'),
(46, '12', 'Ube bread', 30, 0, 1, 45, 75, 46, '5.00', 0, '145.00', '2020-01-19', 'done', 'no'),
(47, '12', 'Hawaiian bread', 23, 0, 0, 0, 23, 0, '5.00', 0, '115.00', '2020-01-19', 'done', 'no'),
(48, '12', 'Tyre bread', 66, 0, 1, 45, 111, 51, '5.00', 0, '300.00', '2020-01-19', 'done', 'no'),
(49, '12', 'Empanada', 25, 0, 1, 45, 70, 45, '5.00', 0, '125.00', '2020-01-19', 'done', 'no'),
(50, '12', 'Hongkong loaf', 5, 0, 0, 5, 10, 5, '20.00', 0, '100.00', '2020-01-19', 'done', 'no'),
(51, '12', 'Monggo loaf', 5, 0, 0, 0, 5, 4, '20.00', 0, '20.00', '2020-01-19', 'done', 'no'),
(52, '12', 'Ubeloaf', 5, 0, 0, 0, 5, 5, '20.00', 0, '0.00', '2020-01-19', 'done', 'no'),
(53, '12', 'Halo-halo', 0, 0, 0, 120, 120, 0, '5.00', 0, '600.00', '2020-01-19', 'done', 'no'),
(54, '12', 'Creamloaf', 7, 0, 0, 4, 11, 4, '20.00', 0, '140.00', '2020-01-19', 'done', 'no'),
(55, '12', 'Star bread', 42, 0, 3, 90, 132, 7, '5.00', 0, '625.00', '2020-01-19', 'done', 'no'),
(56, '12', 'Star bread', 73, 0, 3, 189, 262, 262, '2.00', 81, '-162.00', '2020-01-19', 'done', 'no'),
(57, '12', 'Ube yoyo', 44, 100, 0, 0, 144, 39, '5.00', 1, '520.00', '2020-01-19', 'done', 'no'),
(58, '12', 'Swakto', 24, 72, 0, 0, 96, 14, '13.00', 0, '1066.00', '2020-01-19', 'done', 'no'),
(59, '12', '12 oz. M. Dew', 14, 120, 0, 0, 134, 17, '15.00', 0, '1755.00', '2020-01-19', 'done', 'no'),
(60, '12', 'Siopao', 0, 45, 0, 0, 45, 0, '17.00', 0, '765.00', '2020-01-20', 'done', 'no'),
(61, '12', 'Cheese bread', 103, 0, 0, 0, 103, 66, '5.00', 4, '165.00', '2020-01-20', 'done', 'no'),
(62, '12', 'Choco german', 109, 0, 0, 0, 109, 56, '5.00', 10, '215.00', '2020-01-20', 'done', 'no'),
(63, '12', 'Choco german', 280, 0, 1, 120, 400, 204, '2.00', 0, '392.00', '2020-01-20', 'done', 'no'),
(64, '12', 'Spanish bread', 111, 0, 1, 45, 156, 76, '5.00', 0, '400.00', '2020-01-20', 'done', 'no'),
(65, '12', 'Spanish bread', 242, 0, 1, 120, 362, 194, '2.00', 0, '336.00', '2020-01-20', 'done', 'no'),
(66, '12', 'Pandecoco', 93, 0, 2, 90, 183, 56, '5.00', 0, '635.00', '2020-01-20', 'done', 'no'),
(67, '12', 'Pandecoco', 61, 0, 3, 360, 421, 176, '2.00', 0, '490.00', '2020-01-20', 'done', 'no'),
(68, '12', 'Ensaymonggo', 129, 0, 1, 40, 169, 44, '5.00', 2, '615.00', '2020-01-20', 'done', 'no'),
(69, '12', 'Football', 146, 0, 2, 120, 266, 116, '2.00', 0, '300.00', '2020-01-20', 'done', 'no'),
(70, '12', 'Kamote', 150, 0, 2, 120, 270, 186, '2.00', 0, '168.00', '2020-01-20', 'done', 'no'),
(71, '12', 'Mushroom', 300, 0, 0, 0, 300, 228, '2.00', 59, '26.00', '2020-01-20', 'done', 'no'),
(72, '12', 'Pandeleche', 34, 0, 2, 60, 94, 10, '5.00', 2, '410.00', '2020-01-20', 'done', 'no'),
(73, '12', 'Peanut bread', 41, 0, 1, 120, 161, 122, '2.00', 0, '78.00', '2020-01-20', 'done', 'no'),
(74, '12', 'Sliced bread', 9, 25, 0, 0, 34, 10, '40.00', 0, '960.00', '2020-01-20', 'done', 'no'),
(75, '12', 'Sliced Bread', 0, 25, 0, 0, 25, 6, '24.00', 0, '456.00', '2020-01-20', 'done', 'no'),
(76, '12', 'Sliced monay', 13, 15, 0, 0, 28, 15, '30.00', 0, '390.00', '2020-01-20', 'done', 'no'),
(77, '12', 'Banana cake', 14, 150, 0, 0, 164, 21, '5.00', 0, '715.00', '2020-01-20', 'done', 'no'),
(78, '12', 'Binangkal', 45, 0, 2, 80, 125, 66, '5.00', 0, '295.00', '2020-01-20', 'done', 'no'),
(79, '12', 'Choco mamon', 88, 200, 0, 0, 288, 113, '1.00', 0, '175.00', '2020-01-20', 'done', 'no'),
(80, '12', 'Choco cupcake', 49, 214, 0, 0, 263, 155, '2.00', 0, '216.00', '2020-01-20', 'done', 'no'),
(81, '12', 'Donut', 37, 0, 3, 136, 173, 0, '5.00', 0, '865.00', '2020-01-20', 'done', 'no'),
(82, '12', 'Double body', 46, 60, 0, 0, 106, 51, '5.00', 0, '275.00', '2020-01-20', 'done', 'no'),
(83, '12', 'Hopia', 153, 0, 0, 0, 153, 54, '5.00', 0, '495.00', '2020-01-20', 'done', 'no'),
(84, '12', 'Macarons', 122, 100, 0, 0, 222, 127, '2.00', 0, '190.00', '2020-01-20', 'done', 'no'),
(85, '12', 'Mamon', 154, 200, 0, 0, 354, 91, '1.00', 0, '263.00', '2020-01-20', 'done', 'no'),
(86, '8', 'Chechay', 20, 40, 1, 40, 100, 5, '2.00', 10, '170.00', '2020-01-21', 'done', 'no'),
(87, '8', 'Cheese milk', 10, 10, 1, 40, 60, 5, '5.00', 5, '250.00', '2020-01-21', 'done', 'no'),
(88, '12', 'Ensaymonggo', 364, 0, 2, 240, 604, 240, '2.00', 4, '720.00', '2020-01-20', 'done', 'no'),
(89, '12', 'Manila cake', 62, 60, 0, 0, 122, 66, '5.00', 0, '280.00', '2020-01-20', 'done', 'no'),
(90, '12', 'Marble cupcake', 0, 286, 0, 0, 286, 107, '2.00', 0, '358.00', '2020-01-20', 'done', 'no'),
(91, '12', 'Pineapple pie', 2, 120, 0, 0, 122, 0, '5.00', 2, '600.00', '2020-01-20', 'done', 'no'),
(92, '12', 'Torta', 10, 120, 0, 0, 130, 16, '5.00', 0, '570.00', '2020-01-20', 'done', 'no'),
(93, '12', 'Combo bread', 6, 0, 1, 45, 51, 45, '5.00', 6, '0.00', '2020-01-20', 'done', 'no'),
(94, '12', 'Monggo basket', 68, 0, 0, 0, 68, 40, '5.00', 11, '85.00', '2020-01-20', 'done', 'no'),
(95, '12', 'Monggo bread', 62, 0, 0, 0, 62, 24, '5.00', 5, '165.00', '2020-01-20', 'done', 'no'),
(96, '12', 'Tinalay', 65, 0, 5, 100, 165, 37, '5.00', 0, '640.00', '2020-01-20', 'done', 'no'),
(97, '12', 'Pandesal', 355, 0, 5, 499, 854, 195, '1.00', 0, '659.00', '2020-01-20', 'done', 'no'),
(98, '12', 'Ube bread', 45, 0, 1, 45, 90, 48, '5.00', 1, '205.00', '2020-01-20', 'done', 'no'),
(99, '12', 'Hawaiian bread', 51, 100, 0, 0, 151, 0, '5.00', 0, '755.00', '2020-01-20', 'done', 'no'),
(100, '12', 'Tyre bread', 45, 0, 1, 45, 90, 41, '5.00', 2, '235.00', '2020-01-20', 'done', 'no'),
(101, '12', 'Empanada', 45, 0, 1, 45, 90, 18, '5.00', 0, '360.00', '2020-01-20', 'done', 'no'),
(102, '12', 'Hongkong loaf', 5, 0, 0, 5, 10, 5, '20.00', 0, '100.00', '2020-01-20', 'done', 'no'),
(103, '12', 'Monggo loaf', 4, 0, 0, 4, 8, 4, '20.00', 0, '80.00', '2020-01-20', 'done', 'no'),
(104, '12', 'Ubeloaf', 5, 0, 0, 4, 9, 4, '20.00', 0, '100.00', '2020-01-20', 'done', 'no'),
(105, '12', 'Halo-halo', 0, 0, 0, 120, 120, 80, '5.00', 0, '200.00', '2020-01-20', 'done', 'no'),
(106, '12', 'Creamloaf', 4, 0, 0, 4, 8, 4, '20.00', 0, '80.00', '2020-01-20', 'done', 'no'),
(107, '12', 'Star bread', 7, 0, 3, 90, 97, 0, '5.00', 0, '485.00', '2020-01-20', 'done', 'no'),
(108, '12', 'Star bread', 81, 0, 3, 191, 272, 0, '2.00', 0, '544.00', '2020-01-20', 'done', 'no'),
(109, '12', 'Ube yoyo', 39, 70, 0, 0, 109, 0, '5.00', 0, '545.00', '2020-01-20', 'done', 'no'),
(110, '12', '12 oz. M. Dew', 17, 48, 0, 0, 65, 16, '15.00', 0, '735.00', '2020-01-20', 'done', 'no'),
(111, '12', 'Swakto', 14, 48, 0, 0, 62, 23, '13.00', 0, '507.00', '2020-01-20', 'done', 'no'),
(112, '9', 'Siopao', 0, 0, 8, 244, 244, 0, '25.00', 0, '6100.00', '2020-01-21', 'done', 'no'),
(113, '9', 'Spanish bread', 330, 0, 0, 0, 330, 106, '5.00', 0, '1120.00', '2020-01-21', 'done', 'no'),
(114, '9', 'Cheese bread', 345, 0, 0, 0, 345, 140, '5.00', 0, '1025.00', '2020-01-21', 'done', 'no'),
(115, '9', 'Ube cheese pandesal', 41, 0, 0, 0, 41, 0, '5.00', 25, '80.00', '2020-01-21', 'done', 'no'),
(116, '9', 'Sweet lemon', 84, 0, 2, 96, 180, 96, '5.00', 0, '420.00', '2020-01-21', 'done', 'no'),
(117, '9', 'Cheese milk', 291, 0, 0, 0, 291, 162, '5.00', 0, '645.00', '2020-01-21', 'done', 'no'),
(118, '9', 'Monay', 27, 0, 2, 50, 77, 59, '5.00', 0, '90.00', '2020-01-21', 'done', 'no'),
(119, '9', 'Sliced bread', 0, 0, 6, 24, 24, 12, '40.00', 0, '480.00', '2020-01-21', 'done', 'no'),
(120, '9', 'Ensaymonggo', 221, 0, 6, 224, 445, 224, '5.00', 0, '1105.00', '2020-01-21', 'done', 'no'),
(121, '9', 'Birds nest', 71, 0, 10, 450, 521, 191, '5.00', 0, '1650.00', '2020-01-21', 'done', 'no'),
(122, '9', 'Football', 57, 0, 0, 0, 57, 0, '5.00', 0, '285.00', '2020-01-21', 'done', 'no'),
(123, '9', 'Cheese hotdog', 100, 0, 0, 0, 100, 8, '5.00', 0, '460.00', '2020-01-21', 'done', 'no'),
(124, '9', 'Donut', 195, 0, 0, 0, 195, 28, '5.00', 0, '835.00', '2020-01-21', 'done', 'no'),
(125, '9', 'Double body', 108, 0, 4, 128, 236, 156, '5.00', 0, '400.00', '2020-01-21', 'done', 'no'),
(126, '9', 'Manila cake', 22, 0, 3, 72, 94, 35, '5.00', 0, '295.00', '2020-01-21', 'done', 'no'),
(127, '9', 'Monggo bread', 161, 0, 0, 0, 161, 152, '5.00', 0, '45.00', '2020-01-21', 'done', 'no'),
(128, '9', 'Tyre bread', 62, 0, 0, 0, 62, 24, '5.00', 0, '190.00', '2020-01-21', 'done', 'no'),
(129, '9', 'Empanada', 135, 0, 0, 0, 135, 35, '5.00', 0, '500.00', '2020-01-21', 'done', 'no'),
(130, '9', 'Buko pie', 160, 0, 4, 160, 320, 160, '5.00', 0, '800.00', '2020-01-21', 'done', 'no'),
(131, '9', 'Pineapple pie', 160, 0, 4, 160, 320, 160, '5.00', 0, '800.00', '2020-01-21', 'done', 'no'),
(132, '9', 'Hongkong loaf', 6, 0, 2, 6, 12, 7, '35.00', 0, '175.00', '2020-01-21', 'done', 'no'),
(133, '9', 'Creamloaf', 11, 0, 2, 12, 23, 12, '35.00', 0, '385.00', '2020-01-21', 'done', 'no'),
(134, '9', 'Ubeloaf', 11, 0, 2, 12, 23, 12, '35.00', 0, '385.00', '2020-01-21', 'done', 'no'),
(135, '9', 'Star bread', 26, 0, 2, 50, 76, 53, '5.00', 0, '115.00', '2020-01-21', 'done', 'no'),
(136, '9', 'Burger buns', 0, 0, 3, 90, 90, 47, '5.00', 0, '215.00', '2020-01-21', 'done', 'no'),
(137, '9', 'Ube bread', 135, 0, 0, 0, 135, 17, '5.00', 0, '590.00', '2020-01-21', 'done', 'no'),
(138, '9', 'Tinalay', 14, 0, 0, 0, 14, 0, '5.00', 0, '70.00', '2020-01-21', 'done', 'no'),
(139, '9', 'Pandecoco', 181, 0, 5, 225, 406, 217, '5.00', 0, '945.00', '2020-01-21', 'done', 'no'),
(140, '9', 'Garlic stick', 5, 0, 0, 0, 5, 3, '15.00', 0, '30.00', '2020-01-21', 'done', 'no'),
(141, '9', 'Otap', 12, 0, 0, 0, 12, 11, '30.00', 0, '30.00', '2020-01-21', 'done', 'no'),
(142, '9', 'Long cookies', 3, 0, 0, 0, 3, 3, '15.00', 0, '0.00', '2020-01-21', 'done', 'no'),
(143, '9', 'Star cookies', 12, 0, 0, 0, 12, 10, '15.00', 0, '30.00', '2020-01-21', 'done', 'no'),
(144, '9', 'Cookies lunga', 42, 0, 0, 0, 42, 42, '15.00', 0, '0.00', '2020-01-21', 'done', 'no'),
(145, '9', 'Egg cracker', 25, 0, 0, 0, 25, 25, '30.00', 0, '0.00', '2020-01-21', 'done', 'no'),
(146, '9', 'Barquillos big', 33, 0, 0, 0, 33, 33, '40.00', 0, '0.00', '2020-01-21', 'done', 'no'),
(147, '9', 'Barquillos small', 10, 0, 0, 0, 10, 7, '27.00', 0, '81.00', '2020-01-21', 'done', 'no'),
(148, '9', 'Barquiron', 48, 0, 0, 0, 48, 46, '30.00', 0, '60.00', '2020-01-21', 'done', 'no'),
(149, '9', 'Polvoron', 42, 0, 0, 0, 42, 40, '38.00', 0, '76.00', '2020-01-21', 'done', 'no'),
(150, '9', 'Sambag', 5, 0, 0, 0, 5, 5, '22.00', 0, '0.00', '2020-01-21', 'done', 'no'),
(151, '9', 'Pastillas', 35, 0, 0, 0, 35, 35, '20.00', 0, '0.00', '2020-01-21', 'done', 'no'),
(152, '9', 'Mineral water 500ml', 25, 48, 0, 0, 73, 60, '18.00', 0, '234.00', '2020-01-21', 'done', 'no'),
(153, '9', 'Mineral water 350ml', 43, 60, 0, 0, 103, 42, '13.00', 0, '793.00', '2020-01-21', 'done', 'no'),
(154, '9', '1.5 liters', 2, 0, 0, 0, 2, 2, '65.00', 0, '0.00', '2020-01-21', 'done', 'no'),
(155, '9', 'C2 solo', 40, 48, 0, 0, 88, 84, '15.00', 0, '60.00', '2020-01-21', 'done', 'no'),
(156, '9', 'Dutchmill', 53, 0, 0, 0, 53, 50, '24.00', 0, '72.00', '2020-01-21', 'done', 'no'),
(157, '9', 'Fit in right 330ml', 41, 0, 0, 0, 41, 32, '32.00', 0, '288.00', '2020-01-21', 'done', 'no'),
(158, '9', 'Cup noodles jjampong', 2, 0, 0, 0, 2, 2, '35.00', 0, '0.00', '2020-01-21', 'done', 'no'),
(159, '9', 'Cup noodles small', 52, 0, 0, 0, 52, 51, '30.00', 0, '30.00', '2020-01-21', 'done', 'no'),
(160, '9', 'Swakto', 140, 0, 0, 0, 140, 57, '13.00', 0, '1079.00', '2020-01-21', 'done', 'no'),
(161, '9', 'Gatorade 500ml', 6, 0, 0, 0, 6, 2, '47.00', 0, '188.00', '2020-01-21', 'done', 'no'),
(162, '9', 'Gatorade 350ml', 73, 0, 0, 0, 73, 64, '38.00', 0, '342.00', '2020-01-21', 'done', 'no'),
(163, '9', 'Mismo', 97, 0, 0, 0, 97, 71, '19.00', 0, '494.00', '2020-01-21', 'done', 'no'),
(164, '9', 'Minute maid', 1, 100, 0, 0, 101, 90, '15.00', 0, '165.00', '2020-01-21', 'done', 'no'),
(165, '9', 'Chuckie 110ml', 14, 0, 0, 0, 14, 2, '17.00', 0, '204.00', '2020-01-21', 'done', 'no'),
(166, '9', 'Banana cake', 182, 0, 9, 340, 522, 351, '5.00', 0, '855.00', '2020-01-21', 'done', 'no'),
(167, '9', 'Combo bread', 122, 0, 0, 0, 122, 74, '5.00', 0, '240.00', '2020-01-21', 'done', 'no'),
(168, '9', 'Binangkal', 120, 0, 0, 0, 120, 70, '5.00', 0, '250.00', '2020-01-21', 'done', 'no'),
(170, '9', 'Sliced monay', 0, 0, 6, 35, 35, 35, '35.00', 0, '0.00', '2020-01-21', 'done', 'no'),
(171, '9', 'Pandeleche', 0, 0, 2, 90, 90, 46, '5.00', 0, '220.00', '2020-01-21', 'done', 'no'),
(172, '9', 'Marble cupcake', 288, 0, 2, 288, 576, 358, '2.00', 0, '436.00', '2020-01-21', 'done', 'no'),
(173, '9', 'Choco cupcake', 288, 0, 2, 288, 576, 306, '2.00', 0, '540.00', '2020-01-21', 'done', 'no'),
(174, '9', 'Macarons', 636, 0, 6, 1152, 1788, 751, '2.00', 0, '2074.00', '2020-01-21', 'done', 'no'),
(175, '9', 'Torta', 324, 0, 5, 236, 560, 382, '5.00', 0, '890.00', '2020-01-21', 'done', 'no'),
(176, '9', 'French bread', 20, 0, 3, 99, 119, 99, '5.00', 0, '100.00', '2020-01-21', 'done', 'no'),
(178, '9', 'Bandi', 5, 0, 0, 0, 5, 3, '20.00', 0, '40.00', '2020-01-21', 'done', 'no'),
(179, '9', 'Dutchmill Small', 25, 48, 0, 0, 73, 68, '15.00', 0, '75.00', '2020-01-21', 'done', 'no'),
(180, '9', 'Pineapple juice in can', 49, 0, 0, 0, 49, 33, '35.00', 0, '560.00', '2020-01-21', 'done', 'no'),
(181, '9', 'Thunder', 7, 0, 0, 0, 7, 4, '20.00', 0, '60.00', '2020-01-21', 'done', 'no'),
(182, '9', 'Bitchokoy', 60, 0, 0, 0, 60, 0, '7.00', 23, '259.00', '2020-01-21', 'done', 'no'),
(184, '9', 'Mais-mais', 0, 0, 2, 50, 50, 50, '5.00', 0, '0.00', '2020-01-21', 'done', 'no'),
(185, '12', 'Siopao', 0, 45, 0, 0, 45, 0, '17.00', 0, '765.00', '2020-01-21', 'done', 'no'),
(186, '12', 'Cheese bread', 66, 0, 0, 0, 66, 51, '5.00', 0, '75.00', '2020-01-21', 'done', 'no'),
(187, '12', 'Choco german', 56, 0, 0, 0, 56, 32, '5.00', 0, '120.00', '2020-01-21', 'done', 'no'),
(188, '12', 'Choco german', 204, 0, 1, 125, 329, 174, '2.00', 0, '310.00', '2020-01-21', 'done', 'no'),
(189, '12', 'Spanish bread', 76, 0, 0, 0, 76, 27, '5.00', 1, '240.00', '2020-01-21', 'done', 'no'),
(190, '12', 'Spanish bread', 194, 0, 1, 120, 314, 159, '2.00', 0, '310.00', '2020-01-21', 'done', 'no'),
(191, '12', 'Pandecoco', 56, 0, 3, 135, 191, 131, '5.00', 0, '300.00', '2020-01-21', 'done', 'no'),
(192, '12', 'Pandecoco', 176, 0, 3, 360, 536, 281, '2.00', 8, '494.00', '2020-01-21', 'done', 'no'),
(193, '12', 'Ensaymonggo', 44, 0, 3, 120, 164, 61, '5.00', 2, '505.00', '2020-01-21', 'done', 'no'),
(194, '12', 'Ensaymonggo', 240, 0, 2, 240, 480, 240, '2.00', 11, '458.00', '2020-01-21', 'done', 'no'),
(195, '12', 'Football', 116, 0, 2, 120, 236, 170, '2.00', 0, '132.00', '2020-01-21', 'done', 'no'),
(196, '12', 'Kamote', 186, 0, 2, 120, 306, 280, '2.00', 0, '52.00', '2020-01-21', 'done', 'no'),
(197, '12', 'Mushroom', 228, 0, 0, 0, 228, 60, '2.00', 108, '120.00', '2020-01-21', 'done', 'no'),
(198, '12', 'Pandeleche', 10, 0, 2, 60, 70, 21, '5.00', 0, '245.00', '2020-01-21', 'done', 'no'),
(199, '12', 'Peanut bread', 122, 0, 1, 122, 244, 182, '2.00', 0, '124.00', '2020-01-21', 'done', 'no'),
(200, '12', 'Sliced bread', 10, 25, 0, 0, 35, 12, '40.00', 0, '920.00', '2020-01-21', 'done', 'no'),
(201, '12', 'Sliced Bread', 6, 25, 0, 0, 31, 19, '24.00', 0, '288.00', '2020-01-21', 'done', 'no'),
(202, '12', 'Sliced monay', 15, 15, 0, 0, 30, 20, '30.00', 0, '300.00', '2020-01-21', 'done', 'no'),
(203, '12', 'Banana cake', 21, 150, 0, 0, 171, 107, '5.00', 0, '320.00', '2020-01-21', 'done', 'no'),
(204, '12', 'Binangkal', 66, 0, 0, 0, 66, 59, '5.00', 0, '35.00', '2020-01-21', 'done', 'no'),
(205, '12', 'Choco mamon', 113, 150, 0, 0, 263, 234, '1.00', 0, '29.00', '2020-01-21', 'done', 'no'),
(206, '12', 'Choco cupcake', 155, 150, 0, 0, 305, 272, '2.00', 0, '66.00', '2020-01-21', 'done', 'no'),
(207, '12', 'Donut', 0, 0, 3, 135, 135, 37, '5.00', 0, '490.00', '2020-01-21', 'done', 'no'),
(208, '12', 'Double body', 51, 40, 0, 0, 91, 35, '5.00', 0, '280.00', '2020-01-21', 'done', 'no'),
(209, '12', 'Hopia', 54, 0, 3, 150, 204, 120, '5.00', 0, '420.00', '2020-01-21', 'done', 'no'),
(210, '12', 'Macarons', 127, 100, 0, 0, 227, 178, '2.00', 0, '98.00', '2020-01-21', 'done', 'no'),
(211, '12', 'Mamon', 97, 200, 0, 0, 297, 178, '1.00', 0, '119.00', '2020-01-21', 'done', 'no'),
(212, '12', 'Manila cake', 66, 70, 0, 0, 136, 104, '5.00', 0, '160.00', '2020-01-21', 'done', 'no'),
(213, '12', 'Marble cupcake', 104, 200, 0, 0, 304, 179, '2.00', 0, '250.00', '2020-01-21', 'done', 'no'),
(214, '12', 'Pineapple pie', 0, 120, 0, 0, 120, 44, '5.00', 0, '380.00', '2020-01-21', 'done', 'no'),
(215, '12', 'Torta', 16, 140, 0, 0, 156, 92, '5.00', 0, '320.00', '2020-01-21', 'done', 'no'),
(216, '12', 'Combo bread', 45, 0, 0, 0, 45, 15, '5.00', 0, '150.00', '2020-01-21', 'done', 'no'),
(217, '12', 'Monggo basket', 40, 0, 0, 0, 40, 11, '5.00', 6, '115.00', '2020-01-21', 'done', 'no'),
(218, '12', 'Monggo bread', 24, 0, 1, 45, 69, 61, '5.00', 0, '40.00', '2020-01-21', 'done', 'no'),
(219, '12', 'Tinalay', 37, 0, 5, 100, 137, 39, '5.00', 0, '490.00', '2020-01-21', 'done', 'no'),
(220, '12', 'Pandesal', 195, 0, 5, 522, 717, 317, '1.00', 0, '400.00', '2020-01-21', 'done', 'no'),
(222, '12', 'Hawaiian bread', 0, 100, 0, 0, 100, 42, '5.00', 0, '290.00', '2020-01-21', 'done', 'no'),
(223, '12', 'Tyre bread', 41, 0, 1, 45, 86, 47, '5.00', 0, '195.00', '2020-01-21', 'done', 'no'),
(224, '12', 'Empanada', 18, 0, 1, 45, 63, 70, '5.00', 0, '-35.00', '2020-01-21', 'done', 'no'),
(225, '12', 'Hongkong loaf', 5, 0, 0, 5, 10, 5, '20.00', 0, '100.00', '2020-01-21', 'done', 'no'),
(226, '12', 'Monggo loaf', 4, 0, 0, 4, 8, 5, '20.00', 0, '60.00', '2020-01-21', 'done', 'no'),
(227, '12', 'Ubeloaf', 4, 0, 0, 4, 8, 7, '20.00', 0, '20.00', '2020-01-21', 'done', 'no'),
(228, '12', 'Halo-halo', 80, 0, 0, 0, 80, 5, '5.00', 0, '375.00', '2020-01-21', 'done', 'no'),
(229, '12', 'Creamloaf', 4, 0, 0, 4, 8, 6, '20.00', 0, '40.00', '2020-01-21', 'done', 'no'),
(230, '12', 'Star bread', 0, 0, 3, 90, 90, 5, '5.00', 0, '425.00', '2020-01-21', 'done', 'no'),
(231, '12', 'Star bread', 0, 0, 3, 189, 189, 1, '2.00', 0, '376.00', '2020-01-21', 'done', 'no'),
(232, '12', 'Ube yoyo', 0, 100, 0, 0, 100, 33, '5.00', 0, '335.00', '2020-01-21', 'done', 'no'),
(233, '12', '12 oz. M. Dew', 16, 48, 0, 0, 64, 13, '15.00', 0, '765.00', '2020-01-21', 'done', 'no'),
(234, '12', 'Swakto', 23, 48, 0, 0, 71, 42, '13.00', 0, '377.00', '2020-01-21', 'done', 'no'),
(237, '9', 'Pandesal', 1536, 0, 20, 1400, 2936, 1190, '2.00', 0, '3492.00', '2020-01-21', 'done', 'no'),
(238, '9', '1.5 liters', 2, 0, 0, 0, 2, 2, '65.00', 0, '0.00', '2020-01-20', 'done', 'no'),
(239, '9', 'Banana cake', 154, 0, 9, 340, 494, 182, '5.00', 0, '1560.00', '2020-01-20', 'done', 'no'),
(240, '9', 'Bandi', 6, 0, 0, 0, 6, 5, '20.00', 0, '20.00', '2020-01-20', 'done', 'no'),
(241, '9', 'Barquillos big', 35, 0, 0, 0, 35, 33, '40.00', 0, '80.00', '2020-01-20', 'done', 'no'),
(242, '9', 'Barquillos small', 14, 0, 0, 0, 14, 10, '27.00', 0, '108.00', '2020-01-20', 'done', 'no'),
(243, '9', 'Barquiron', 48, 0, 0, 0, 48, 48, '30.00', 0, '0.00', '2020-01-20', 'done', 'no'),
(244, '9', 'Binangkal', 1, 0, 3, 120, 121, 120, '5.00', 0, '5.00', '2020-01-20', 'done', 'no'),
(245, '9', 'Birds nest', 64, 0, 10, 312, 376, 71, '5.00', 0, '1525.00', '2020-01-20', 'done', 'no'),
(246, '9', 'Bitchokoy', 90, 0, 0, 0, 90, 60, '7.00', 0, '210.00', '2020-01-20', 'done', 'no'),
(247, '9', 'Brazo de mercedez', 2, 0, 0, 0, 2, 0, '180.00', 0, '360.00', '2020-01-20', 'done', 'no'),
(248, '9', 'Buko pie', 0, 0, 4, 160, 160, 160, '5.00', 0, '0.00', '2020-01-20', 'done', 'no'),
(249, '9', 'Burger buns', 0, 0, 3, 90, 90, 0, '5.00', 0, '450.00', '2020-01-20', 'done', 'no'),
(250, '9', 'C2 solo', 84, 0, 0, 0, 84, 40, '15.00', 0, '660.00', '2020-01-20', 'done', 'no'),
(252, '9', 'Cheese hotdog', 0, 0, 3, 135, 135, 100, '5.00', 0, '175.00', '2020-01-20', 'done', 'no'),
(253, '9', 'Cheese milk', 232, 0, 4, 180, 412, 291, '5.00', 0, '605.00', '2020-01-20', 'done', 'no'),
(254, '9', 'Choco cupcake', 39, 0, 2, 288, 327, 288, '2.00', 0, '78.00', '2020-01-20', 'done', 'no'),
(255, '9', 'Chuckie 110ml', 24, 0, 0, 0, 24, 14, '17.00', 0, '170.00', '2020-01-20', 'done', 'no'),
(256, '9', 'Cobra', 2, 0, 0, 0, 2, 0, '30.00', 0, '60.00', '2020-01-20', 'done', 'no'),
(257, '9', 'Combo bread', 240, 0, 0, 0, 240, 122, '5.00', 0, '590.00', '2020-01-20', 'done', 'no'),
(258, '9', 'Cookies lunga', 46, 0, 0, 0, 46, 42, '15.00', 0, '60.00', '2020-01-20', 'done', 'no'),
(259, '9', 'Creamloaf', 12, 0, 0, 12, 24, 11, '35.00', 0, '455.00', '2020-01-20', 'done', 'no'),
(260, '9', 'Cup noodles jjampong', 68, 0, 0, 0, 68, 45, '35.00', 0, '805.00', '2020-01-20', 'done', 'no'),
(261, '9', 'Cup noodles small', 59, 0, 0, 0, 59, 52, '30.00', 0, '210.00', '2020-01-20', 'done', 'no'),
(262, '9', 'Donut', 180, 0, 4, 180, 360, 195, '5.00', 0, '825.00', '2020-01-20', 'done', 'no'),
(263, '9', 'Double body', 0, 0, 4, 128, 128, 108, '5.00', 0, '100.00', '2020-01-20', 'done', 'no'),
(264, '9', 'Dutchmill', 68, 0, 0, 0, 68, 45, '24.00', 0, '552.00', '2020-01-20', 'done', 'no'),
(265, '9', 'Dutchmill Small', 61, 0, 0, 0, 61, 25, '15.00', 0, '540.00', '2020-01-20', 'done', 'no'),
(266, '9', 'Egg cracker', 25, 0, 0, 0, 25, 25, '30.00', 0, '0.00', '2020-01-20', 'done', 'no'),
(267, '9', 'Empanada', 151, 0, 3, 135, 286, 135, '5.00', 0, '755.00', '2020-01-20', 'done', 'no'),
(268, '9', 'Ensaymonggo', 168, 0, 7, 220, 388, 221, '5.00', 0, '835.00', '2020-01-20', 'done', 'no'),
(269, '9', 'Fit in right 330ml', 113, 0, 0, 0, 113, 41, '32.00', 0, '2304.00', '2020-01-20', 'done', 'no'),
(270, '9', 'Football', 41, 0, 3, 90, 131, 57, '5.00', 0, '370.00', '2020-01-20', 'done', 'no'),
(271, '9', 'French bread', 0, 0, 3, 90, 90, 20, '5.00', 0, '350.00', '2020-01-20', 'done', 'no'),
(272, '9', 'Garlic stick', 9, 0, 0, 0, 9, 5, '15.00', 0, '60.00', '2020-01-20', 'done', 'no'),
(273, '9', 'Gatorade 350ml', 76, 0, 0, 0, 76, 73, '38.00', 0, '114.00', '2020-01-20', 'done', 'no'),
(274, '9', 'Halo-halo', 8, 0, 0, 0, 8, 6, '5.00', 0, '10.00', '2020-01-20', 'done', 'no'),
(275, '9', 'Hongkong loaf', 0, 0, 0, 6, 6, 6, '35.00', 0, '0.00', '2020-01-20', 'done', 'no'),
(276, '9', 'Long cookies', 3, 0, 0, 0, 3, 3, '15.00', 0, '0.00', '2020-01-20', 'done', 'no'),
(277, '9', 'Macarons', 574, 0, 4, 1128, 1702, 636, '2.00', 0, '2132.00', '2020-01-20', 'done', 'no'),
(278, '9', 'Manila cake', 17, 0, 3, 72, 89, 22, '5.00', 0, '335.00', '2020-01-20', 'done', 'no'),
(279, '9', 'Marble cupcake', 82, 0, 2, 288, 370, 288, '2.00', 0, '164.00', '2020-01-20', 'done', 'no'),
(280, '9', 'Mineral water 350ml', 72, 0, 0, 0, 72, 43, '13.00', 0, '377.00', '2020-01-20', 'done', 'no'),
(281, '9', 'Mineral water 500ml', 42, 0, 0, 0, 42, 25, '18.00', 0, '306.00', '2020-01-20', 'done', 'no'),
(282, '9', 'Minute maid', 5, 0, 0, 0, 5, 1, '15.00', 0, '60.00', '2020-01-20', 'done', 'no'),
(283, '9', 'Mismo', 195, 0, 0, 0, 195, 107, '19.00', 0, '1672.00', '2020-01-20', 'done', 'no'),
(284, '9', 'Monay', 38, 0, 3, 98, 136, 27, '5.00', 0, '545.00', '2020-01-20', 'done', 'no'),
(285, '9', 'Monggo bread', 216, 0, 0, 0, 216, 161, '5.00', 0, '275.00', '2020-01-20', 'done', 'no'),
(286, '9', 'Otap', 12, 0, 0, 0, 12, 12, '30.00', 0, '0.00', '2020-01-20', 'done', 'no'),
(287, '9', 'Pandecoco', 220, 0, 7, 315, 535, 181, '5.00', 0, '1770.00', '2020-01-20', 'done', 'no'),
(288, '9', 'Pandesal', 1540, 0, 22, 1540, 3080, 1540, '2.00', 0, '3080.00', '2020-01-20', 'done', 'no'),
(289, '9', 'Pastillas', 35, 0, 0, 0, 35, 35, '20.00', 0, '0.00', '2020-01-20', 'done', 'no'),
(290, '9', 'Pineapple pie', 0, 0, 4, 160, 160, 160, '5.00', 0, '0.00', '2020-01-20', 'done', 'no'),
(291, '9', 'Polvoron', 44, 0, 0, 0, 44, 42, '38.00', 0, '76.00', '2020-01-20', 'done', 'no'),
(292, '9', 'Sambag', 6, 0, 0, 0, 6, 5, '22.00', 0, '22.00', '2020-01-20', 'done', 'no'),
(293, '9', 'Siopao', 38, 0, 8, 250, 288, 0, '25.00', 0, '7200.00', '2020-01-20', 'done', 'no'),
(294, '9', 'Sliced bread', 10, 0, 6, 24, 34, 0, '40.00', 0, '1360.00', '2020-01-20', 'done', 'no'),
(295, '9', 'Spanish bread', 129, 0, 7, 315, 444, 330, '5.00', 0, '570.00', '2020-01-20', 'done', 'no'),
(296, '9', 'Special piaya', 2, 0, 0, 0, 2, 0, '45.00', 0, '90.00', '2020-01-20', 'done', 'no'),
(297, '9', 'Star bread', 34, 0, 3, 90, 124, 26, '5.00', 0, '490.00', '2020-01-20', 'done', 'no'),
(298, '9', 'Star cookies', 13, 0, 0, 0, 13, 12, '15.00', 0, '15.00', '2020-01-20', 'done', 'no'),
(299, '9', 'Swakto', 196, 0, 0, 0, 196, 140, '13.00', 0, '728.00', '2020-01-20', 'done', 'no'),
(301, '9', 'Sweet lemon', 132, 0, 2, 84, 216, 84, '5.00', 0, '660.00', '2020-01-20', 'done', 'no'),
(302, '9', 'Thunder', 12, 0, 0, 0, 12, 7, '20.00', 0, '100.00', '2020-01-20', 'done', 'no'),
(303, '9', 'Torta', 400, 0, 5, 236, 636, 324, '5.00', 0, '1560.00', '2020-01-20', 'done', 'no'),
(304, '9', 'Tyre bread', 150, 0, 0, 0, 150, 62, '5.00', 0, '440.00', '2020-01-20', 'done', 'no'),
(305, '9', 'Ube bread', 1, 0, 3, 135, 136, 135, '5.00', 0, '5.00', '2020-01-20', 'done', 'no'),
(306, '9', 'Ubeloaf', 12, 0, 0, 12, 24, 11, '35.00', 0, '455.00', '2020-01-20', 'done', 'no'),
(307, '9', 'Vitamilk', 4, 0, 0, 0, 4, 0, '30.00', 0, '120.00', '2020-01-20', 'done', 'no'),
(308, '9', 'Banana cake', 351, 0, 9, 340, 691, 456, '5.00', 0, '1175.00', '2020-01-22', 'done', 'no'),
(309, '9', 'Bandi', 2, 0, 0, 0, 2, 1, '20.00', 0, '20.00', '2020-01-22', 'done', 'no'),
(310, '9', 'Barquillos big', 33, 0, 0, 0, 33, 32, '40.00', 0, '40.00', '2020-01-22', 'done', 'no'),
(311, '9', 'Barquillos small', 46, 0, 0, 0, 46, 4, '27.00', 0, '1134.00', '2020-01-22', 'done', 'no'),
(312, '9', 'Barquiron', 46, 0, 0, 0, 46, 42, '30.00', 0, '120.00', '2020-01-22', 'done', 'no'),
(313, '9', 'Binangkal', 70, 0, 0, 0, 70, 7, '5.00', 0, '315.00', '2020-01-22', 'done', 'no'),
(314, '9', 'Birds nest', 191, 0, 6, 348, 539, 101, '5.00', 0, '2190.00', '2020-01-22', 'done', 'no'),
(315, '9', 'Buko pie', 160, 0, 4, 160, 320, 160, '5.00', 0, '800.00', '2020-01-22', 'done', 'no'),
(316, '9', 'Burger buns', 47, 0, 0, 0, 47, 0, '5.00', 0, '235.00', '2020-01-22', 'done', 'no'),
(317, '9', 'Cheese bread', 140, 0, 0, 0, 140, 0, '5.00', 0, '700.00', '2020-01-22', 'done', 'no'),
(318, '9', 'Cheese hotdog', 8, 0, 3, 140, 148, 140, '5.00', 0, '40.00', '2020-01-22', 'done', 'no'),
(319, '9', 'Cheese milk', 162, 0, 0, 0, 162, 0, '5.00', 50, '560.00', '2020-01-22', 'done', 'no'),
(320, '9', 'Choco cupcake', 18, 0, 1, 144, 162, 144, '2.00', 0, '36.00', '2020-01-22', 'done', 'no'),
(321, '9', 'Combo bread', 74, 0, 0, 0, 74, 0, '5.00', 30, '220.00', '2020-01-22', 'done', 'no'),
(322, '9', 'Cookies lunga', 42, 0, 0, 0, 42, 42, '15.00', 0, '0.00', '2020-01-22', 'done', 'no'),
(323, '9', 'Creamloaf', 12, 0, 2, 12, 24, 12, '35.00', 0, '420.00', '2020-01-22', 'done', 'no'),
(324, '9', 'Donut', 28, 0, 4, 228, 256, 172, '5.00', 7, '385.00', '2020-01-22', 'done', 'no'),
(325, '9', 'Double body', 156, 0, 4, 128, 284, 165, '5.00', 0, '595.00', '2020-01-22', 'done', 'no'),
(326, '9', 'Egg cracker', 25, 0, 0, 0, 25, 25, '30.00', 0, '0.00', '2020-01-22', 'done', 'no'),
(327, '9', 'Empanada', 35, 0, 0, 0, 35, 0, '5.00', 0, '175.00', '2020-01-22', 'done', 'no'),
(328, '9', 'Ensaymonggo', 224, 0, 6, 348, 572, 304, '5.00', 0, '1340.00', '2020-01-22', 'done', 'no'),
(329, '9', 'Football', 0, 0, 3, 79, 79, 79, '5.00', 0, '0.00', '2020-01-22', 'done', 'no'),
(330, '9', 'French bread', 99, 0, 3, 72, 171, 72, '5.00', 0, '495.00', '2020-01-22', 'done', 'no'),
(331, '9', 'Garlic stick', 3, 0, 0, 0, 3, 1, '15.00', 0, '30.00', '2020-01-22', 'done', 'no'),
(332, '9', 'Halo-halo', 0, 0, 2, 80, 80, 80, '5.00', 0, '0.00', '2020-01-22', 'done', 'no'),
(333, '9', 'Hongkong loaf', 7, 0, 2, 6, 13, 6, '35.00', 0, '245.00', '2020-01-22', 'done', 'no'),
(334, '9', 'Hopia', 336, 0, 0, 0, 336, 260, '5.00', 0, '380.00', '2020-01-22', 'done', 'no'),
(335, '9', 'Long cookies', 3, 0, 0, 0, 3, 1, '15.00', 0, '30.00', '2020-01-22', 'done', 'no'),
(336, '9', 'Macarons', 751, 0, 3, 564, 1315, 296, '2.00', 0, '2038.00', '2020-01-22', 'done', 'no'),
(337, '9', 'Manila cake', 35, 0, 3, 72, 107, 62, '5.00', 0, '225.00', '2020-01-22', 'done', 'no'),
(338, '9', 'Marble cupcake', 358, 0, 1, 144, 502, 152, '2.00', 0, '700.00', '2020-01-22', 'done', 'no'),
(339, '9', 'Monay', 59, 0, 0, 0, 59, 0, '5.00', 0, '295.00', '2020-01-22', 'done', 'no'),
(340, '9', 'Monggo bread', 152, 0, 0, 0, 152, 0, '5.00', 112, '200.00', '2020-01-22', 'done', 'no'),
(341, '9', 'Otap', 11, 0, 0, 0, 11, 11, '30.00', 0, '0.00', '2020-01-22', 'done', 'no'),
(342, '9', 'Pandecoco', 217, 0, 5, 240, 457, 240, '5.00', 0, '1085.00', '2020-01-22', 'done', 'no'),
(343, '9', 'Pandeleche', 46, 0, 0, 0, 46, 14, '5.00', 0, '160.00', '2020-01-22', 'done', 'no'),
(344, '9', 'Pandesal', 950, 0, 18, 1130, 2080, 1130, '2.00', 0, '1900.00', '2020-01-22', 'done', 'no'),
(345, '9', 'Pineapple pie', 160, 0, 4, 160, 320, 172, '5.00', 0, '740.00', '2020-01-22', 'done', 'no'),
(346, '9', 'Polvoron', 40, 0, 0, 0, 40, 36, '38.00', 0, '152.00', '2020-01-22', 'done', 'no'),
(347, '9', 'Siopao', 0, 0, 8, 250, 250, 50, '25.00', 0, '5000.00', '2020-01-22', 'done', 'no'),
(348, '9', 'Sliced bread', 12, 0, 6, 23, 35, 13, '40.00', 0, '880.00', '2020-01-22', 'done', 'no'),
(349, '9', 'Sliced monay', 35, 0, 0, 0, 35, 21, '35.00', 0, '490.00', '2020-01-22', 'done', 'no'),
(350, '9', 'Spanish bread', 96, 0, 3, 205, 301, 80, '5.00', 0, '1105.00', '2020-01-22', 'done', 'no'),
(351, '9', 'Star bread', 53, 0, 3, 81, 134, 81, '5.00', 0, '265.00', '2020-01-22', 'done', 'no'),
(352, '9', 'Star cookies', 10, 0, 0, 0, 10, 7, '15.00', 0, '45.00', '2020-01-22', 'done', 'no'),
(353, '9', 'Sweet lemon', 96, 0, 0, 0, 96, 0, '5.00', 0, '480.00', '2020-01-22', 'done', 'no'),
(354, '9', 'Torta', 382, 0, 3, 140, 522, 324, '5.00', 0, '990.00', '2020-01-22', 'done', 'no'),
(355, '9', 'Tyre bread', 24, 0, 3, 189, 213, 189, '5.00', 0, '120.00', '2020-01-22', 'done', 'no'),
(356, '9', 'Ube bread', 17, 0, 3, 120, 137, 120, '5.00', 0, '85.00', '2020-01-22', 'done', 'no'),
(357, '9', 'Ube cheese pandesal', 41, 0, 0, 0, 41, 0, '5.00', 0, '205.00', '2020-01-22', 'done', 'no'),
(358, '9', 'Ubeloaf', 12, 0, 2, 11, 23, 11, '35.00', 0, '420.00', '2020-01-22', 'done', 'no'),
(359, '12', '12 oz. M. Dew', 13, 48, 0, 0, 61, 0, '15.00', 0, '915.00', '2020-01-22', 'done', 'no'),
(360, '12', 'Banana cake', 107, 100, 0, 0, 207, 70, '5.00', 0, '685.00', '2020-01-22', 'done', 'no'),
(361, '12', 'Binangkal', 59, 0, 0, 0, 59, 8, '5.00', 1, '250.00', '2020-01-22', 'done', 'no'),
(362, '12', 'Cheese bread', 51, 0, 1, 45, 96, 30, '5.00', 50, '80.00', '2020-01-22', 'done', 'no'),
(363, '12', 'Choco cupcake', 272, 0, 0, 0, 272, 185, '2.00', 1, '172.00', '2020-01-22', 'done', 'no'),
(364, '12', 'Choco german', 32, 0, 1, 45, 77, 57, '5.00', 0, '100.00', '2020-01-22', 'done', 'no'),
(365, '12', 'Choco german', 174, 0, 2, 240, 414, 255, '2.00', 0, '318.00', '2020-01-22', 'done', 'no'),
(366, '12', 'Choco mamon', 234, 100, 0, 0, 334, 201, '1.00', 53, '80.00', '2020-01-22', 'done', 'no'),
(367, '12', 'Combo bread', 15, 0, 1, 45, 60, 45, '5.00', 15, '0.00', '2020-01-22', 'done', 'no'),
(368, '12', 'Creamloaf', 6, 0, 0, 0, 6, 0, '20.00', 0, '120.00', '2020-01-22', 'done', 'no'),
(369, '12', 'Donut', 37, 0, 3, 135, 172, 56, '5.00', 0, '580.00', '2020-01-22', 'done', 'no'),
(370, '12', 'Double body', 35, 40, 0, 0, 75, 42, '5.00', 0, '165.00', '2020-01-22', 'done', 'no'),
(371, '12', 'Empanada', 70, 0, 0, 0, 70, 8, '5.00', 0, '310.00', '2020-01-22', 'done', 'no'),
(372, '12', 'Ensaymonggo', 61, 0, 1, 120, 181, 114, '5.00', 0, '335.00', '2020-01-22', 'done', 'no'),
(373, '12', 'Ensaymonggo', 240, 0, 2, 240, 480, 273, '2.00', 0, '414.00', '2020-01-22', 'done', 'no'),
(374, '12', 'Football', 170, 0, 2, 120, 290, 249, '2.00', 0, '82.00', '2020-01-22', 'done', 'no'),
(375, '12', 'Halo-halo', 5, 0, 0, 0, 5, 0, '5.00', 0, '25.00', '2020-01-22', 'done', 'no'),
(376, '12', 'Hawaiian bread', 42, 60, 0, 0, 102, 20, '5.00', 0, '410.00', '2020-01-22', 'done', 'no'),
(377, '12', 'Hongkong loaf', 5, 0, 0, 5, 10, 3, '20.00', 1, '120.00', '2020-01-22', 'done', 'no'),
(378, '12', 'Hopia', 120, 0, 0, 0, 120, 55, '5.00', 0, '325.00', '2020-01-22', 'done', 'no'),
(380, '12', 'Macarons', 178, 100, 0, 0, 278, 178, '2.00', 0, '200.00', '2020-01-22', 'done', 'no'),
(381, '12', 'Mamon', 178, 100, 0, 0, 278, 24, '1.00', 0, '254.00', '2020-01-22', 'done', 'no'),
(382, '12', 'Manila cake', 104, 0, 0, 0, 104, 74, '5.00', 19, '55.00', '2020-01-22', 'done', 'no'),
(383, '12', 'Marble cupcake', 179, 150, 0, 0, 329, 146, '2.00', 0, '366.00', '2020-01-22', 'done', 'no'),
(384, '12', 'Monggo basket', 11, 0, 1, 45, 56, 45, '5.00', 11, '0.00', '2020-01-22', 'done', 'no'),
(385, '12', 'Monggo bread', 61, 0, 1, 45, 106, 59, '5.00', 16, '155.00', '2020-01-22', 'done', 'no'),
(386, '12', 'Monggo loaf', 5, 0, 0, 4, 9, 2, '20.00', 0, '140.00', '2020-01-22', 'done', 'no'),
(387, '12', 'Mushroom', 60, 0, 2, 120, 180, 80, '2.00', 0, '200.00', '2020-01-22', 'done', 'no'),
(388, '12', 'Pandecoco', 131, 0, 2, 90, 221, 149, '5.00', 12, '300.00', '2020-01-22', 'done', 'no'),
(389, '12', 'Pandeleche', 21, 0, 2, 60, 81, 38, '5.00', 12, '155.00', '2020-01-22', 'done', 'no'),
(390, '12', 'Pandesal', 317, 0, 5, 510, 827, 295, '1.00', 0, '532.00', '2020-01-22', 'done', 'no'),
(391, '12', 'Peanut bread', 182, 0, 1, 120, 302, 244, '2.00', 0, '116.00', '2020-01-22', 'done', 'no'),
(392, '12', 'Pineapple pie', 44, 80, 0, 0, 124, 0, '5.00', 10, '570.00', '2020-01-22', 'done', 'no'),
(393, '12', 'Siopao', 0, 45, 0, 0, 45, 0, '17.00', 0, '765.00', '2020-01-22', 'done', 'no'),
(394, '12', 'Sliced bread', 12, 24, 0, 0, 36, 11, '40.00', 0, '1000.00', '2020-01-22', 'done', 'no'),
(395, '12', 'Sliced Bread', 19, 20, 0, 0, 39, 13, '24.00', 0, '624.00', '2020-01-22', 'done', 'no'),
(396, '12', 'Sliced monay', 20, 15, 0, 0, 35, 13, '30.00', 0, '660.00', '2020-01-22', 'done', 'no'),
(397, '12', 'Spanish bread', 27, 0, 2, 90, 117, 81, '5.00', 9, '135.00', '2020-01-22', 'done', 'no'),
(398, '12', 'Spanish bread', 159, 0, 2, 240, 399, 261, '2.00', 0, '276.00', '2020-01-22', 'done', 'no'),
(399, '12', 'Star bread', 5, 0, 3, 90, 95, 0, '5.00', 0, '475.00', '2020-01-22', 'done', 'no'),
(400, '12', 'Star bread', 1, 0, 3, 190, 191, 48, '2.00', 0, '286.00', '2020-01-22', 'done', 'no'),
(401, '12', 'Swakto', 42, 36, 0, 0, 78, 29, '13.00', 0, '637.00', '2020-01-22', 'done', 'no'),
(402, '12', 'Tinalay', 39, 0, 5, 100, 139, 57, '5.00', 0, '410.00', '2020-01-22', 'done', 'no'),
(403, '12', 'Torta', 92, 98, 0, 0, 190, 116, '5.00', 0, '370.00', '2020-01-22', 'done', 'no'),
(404, '12', 'Tyre bread', 47, 0, 1, 45, 92, 80, '5.00', 0, '60.00', '2020-01-22', 'done', 'no'),
(405, '12', 'Ube bread', 66, 0, 1, 45, 111, 85, '5.00', 0, '130.00', '2020-01-22', 'done', 'no'),
(406, '12', 'Ube yoyo', 33, 97, 0, 0, 130, 34, '5.00', 1, '475.00', '2020-01-22', 'done', 'no'),
(407, '12', 'Ubeloaf', 7, 0, 0, 0, 7, 0, '20.00', 0, '140.00', '2020-01-22', 'done', 'no'),
(409, '12', 'Pandecoco', 281, 0, 3, 360, 641, 211, '2.00', 4, '852.00', '2020-01-22', 'done', 'no'),
(410, '12', 'Kamote', 280, 0, 0, 0, 280, 159, '2.00', 0, '242.00', '2020-01-22', 'done', 'no'),
(411, '9', '1.5 liters', 2, 0, 0, 0, 2, 2, '65.00', 0, '0.00', '2020-01-22', 'done', 'no'),
(412, '9', 'Bandi', 3, 0, 0, 0, 3, 1, '20.00', 0, '40.00', '2020-01-22', 'done', 'no'),
(413, '9', 'Barquillos small', 7, 0, 0, 0, 7, 4, '27.00', 0, '81.00', '2020-01-22', 'done', 'no'),
(414, '9', 'C2 500ml', 0, 24, 0, 0, 24, 21, '26.00', 0, '78.00', '2020-01-22', 'done', 'no'),
(415, '9', 'C2 solo', 84, 0, 0, 0, 84, 56, '15.00', 0, '420.00', '2020-01-22', 'done', 'no'),
(416, '9', 'Chuckie', 2, 16, 0, 0, 18, 12, '17.00', 0, '102.00', '2020-01-22', 'done', 'no'),
(417, '9', 'Chuckie big', 2, 12, 0, 0, 14, 7, '25.00', 0, '175.00', '2020-01-22', 'done', 'no'),
(418, '9', 'Cup noodles jjampong', 2, 0, 0, 0, 2, 2, '35.00', 0, '0.00', '2020-01-22', 'done', 'no'),
(419, '9', 'Cup noodles small', 51, 0, 0, 0, 51, 46, '30.00', 0, '150.00', '2020-01-22', 'done', 'no'),
(420, '9', 'Dutchmill', 50, 0, 0, 0, 50, 39, '24.00', 0, '264.00', '2020-01-22', 'done', 'no'),
(421, '9', 'Dutchmill Small', 68, 0, 0, 0, 68, 65, '15.00', 0, '45.00', '2020-01-22', 'done', 'no'),
(422, '9', 'Fit in right 330ml', 32, 24, 0, 0, 56, 44, '32.00', 0, '384.00', '2020-01-22', 'done', 'no'),
(423, '9', 'Gatorade 350ml', 54, 0, 0, 0, 54, 54, '38.00', 0, '0.00', '2020-01-22', 'done', 'no'),
(424, '9', 'Gatorade 350ml', 64, 0, 0, 0, 64, 54, '38.00', 0, '380.00', '2020-01-22', 'done', 'no'),
(425, '9', 'Gatorade 500ml', 2, 0, 0, 0, 2, 2, '47.00', 0, '0.00', '2020-01-22', 'done', 'no'),
(426, '9', 'Mais-mais', 50, 0, 0, 0, 50, 50, '5.00', 0, '0.00', '2020-01-22', 'done', 'no'),
(427, '9', 'Mais-mais', 50, 0, 0, 0, 50, 0, '5.00', 0, '250.00', '2020-01-22', 'done', 'no'),
(428, '9', 'Mineral water 350ml', 42, 30, 0, 0, 72, 52, '13.00', 0, '260.00', '2020-01-22', 'done', 'no'),
(429, '9', 'Mineral water 500ml', 60, 0, 0, 0, 60, 48, '18.00', 0, '216.00', '2020-01-22', 'done', 'no'),
(430, '9', 'Minute maid', 90, 0, 0, 0, 90, 79, '15.00', 0, '165.00', '2020-01-22', 'done', 'no'),
(431, '9', 'Natures spring flavored', 0, 35, 0, 0, 35, 34, '26.00', 0, '26.00', '2020-01-22', 'done', 'no'),
(432, '9', 'Pastillas', 35, 0, 0, 0, 35, 33, '20.00', 0, '40.00', '2020-01-22', 'done', 'no'),
(433, '9', 'Pineapple juice in can', 33, 0, 0, 0, 33, 32, '35.00', 0, '35.00', '2020-01-22', 'done', 'no'),
(434, '9', 'Polvoron', 0, 0, 3, 142, 142, 125, '5.00', 0, '85.00', '2020-01-22', 'done', 'no'),
(435, '9', 'Spanish bread', 106, 0, 3, 205, 311, 80, '5.00', 0, '1155.00', '2020-01-22', 'done', 'no'),
(436, '9', 'Swakto', 57, 120, 0, 0, 177, 141, '13.00', 0, '468.00', '2020-01-22', 'done', 'no'),
(437, '9', 'Thunder', 4, 0, 0, 0, 4, 4, '20.00', 0, '0.00', '2020-01-22', 'done', 'no'),
(438, '9', 'Vitamilk', 0, 24, 0, 0, 24, 22, '30.00', 0, '60.00', '2020-01-22', 'done', 'no'),
(439, '9', 'Yakult', 0, 50, 0, 0, 50, 45, '12.00', 0, '60.00', '2020-01-22', 'done', 'no');

-- --------------------------------------------------------

--
-- Table structure for table `user`
--

CREATE TABLE `user` (
  `id` int(10) NOT NULL,
  `lastname` text NOT NULL,
  `firstname` text NOT NULL,
  `middlename` text NOT NULL,
  `username` text NOT NULL,
  `password` text NOT NULL,
  `created_at` timestamp NOT NULL DEFAULT CURRENT_TIMESTAMP
) ENGINE=InnoDB DEFAULT CHARSET=latin1;

--
-- Dumping data for table `user`
--

INSERT INTO `user` (`id`, `lastname`, `firstname`, `middlename`, `username`, `password`, `created_at`) VALUES
(2, 'Berongan', 'Ina', 'C', 'Chrissias_admin', '0a88bdee6f191d1e956e413d70acb61b', '2019-11-23 23:08:00'),
(8, 'Testing Account', 'Ford', 'F', 'test', '098f6bcd4621d373cade4e832627b4f6', '2020-01-10 01:39:40');

--
-- Indexes for dumped tables
--

--
-- Indexes for table `actual_cash`
--
ALTER TABLE `actual_cash`
  ADD PRIMARY KEY (`id`);

--
-- Indexes for table `bakers_account`
--
ALTER TABLE `bakers_account`
  ADD PRIMARY KEY (`id`);

--
-- Indexes for table `branch`
--
ALTER TABLE `branch`
  ADD PRIMARY KEY (`id`);

--
-- Indexes for table `cash_advance`
--
ALTER TABLE `cash_advance`
  ADD PRIMARY KEY (`id`);

--
-- Indexes for table `category`
--
ALTER TABLE `category`
  ADD PRIMARY KEY (`id`);

--
-- Indexes for table `expenses`
--
ALTER TABLE `expenses`
  ADD PRIMARY KEY (`id`);

--
-- Indexes for table `products`
--
ALTER TABLE `products`
  ADD PRIMARY KEY (`id`);

--
-- Indexes for table `report`
--
ALTER TABLE `report`
  ADD PRIMARY KEY (`id`);

--
-- Indexes for table `user`
--
ALTER TABLE `user`
  ADD PRIMARY KEY (`id`);

--
-- AUTO_INCREMENT for dumped tables
--

--
-- AUTO_INCREMENT for table `actual_cash`
--
ALTER TABLE `actual_cash`
  MODIFY `id` int(10) NOT NULL AUTO_INCREMENT, AUTO_INCREMENT=12;

--
-- AUTO_INCREMENT for table `bakers_account`
--
ALTER TABLE `bakers_account`
  MODIFY `id` int(10) NOT NULL AUTO_INCREMENT, AUTO_INCREMENT=11;

--
-- AUTO_INCREMENT for table `branch`
--
ALTER TABLE `branch`
  MODIFY `id` int(10) NOT NULL AUTO_INCREMENT, AUTO_INCREMENT=14;

--
-- AUTO_INCREMENT for table `cash_advance`
--
ALTER TABLE `cash_advance`
  MODIFY `id` int(10) NOT NULL AUTO_INCREMENT, AUTO_INCREMENT=60;

--
-- AUTO_INCREMENT for table `category`
--
ALTER TABLE `category`
  MODIFY `id` int(10) NOT NULL AUTO_INCREMENT, AUTO_INCREMENT=258;

--
-- AUTO_INCREMENT for table `expenses`
--
ALTER TABLE `expenses`
  MODIFY `id` int(10) NOT NULL AUTO_INCREMENT, AUTO_INCREMENT=86;

--
-- AUTO_INCREMENT for table `products`
--
ALTER TABLE `products`
  MODIFY `id` int(10) NOT NULL AUTO_INCREMENT, AUTO_INCREMENT=718;

--
-- AUTO_INCREMENT for table `report`
--
ALTER TABLE `report`
  MODIFY `id` int(10) NOT NULL AUTO_INCREMENT, AUTO_INCREMENT=440;

--
-- AUTO_INCREMENT for table `user`
--
ALTER TABLE `user`
  MODIFY `id` int(10) NOT NULL AUTO_INCREMENT, AUTO_INCREMENT=9;
COMMIT;

/*!40101 SET CHARACTER_SET_CLIENT=@OLD_CHARACTER_SET_CLIENT */;
/*!40101 SET CHARACTER_SET_RESULTS=@OLD_CHARACTER_SET_RESULTS */;
/*!40101 SET COLLATION_CONNECTION=@OLD_COLLATION_CONNECTION */;
